2026-05-16 17:55:50.772 [JavaFX Application Thread] INFO  com.imagemanager.App - 正在初始化数据库连接...
2026-05-16 17:55:50.795 [JavaFX Application Thread] INFO  com.zaxxer.hikari.HikariDataSource - DIMS-HikariPool - Starting...
2026-05-16 17:55:51.199 [JavaFX Application Thread] INFO  com.zaxxer.hikari.pool.HikariPool - DIMS-HikariPool - Added connection org.postgresql.jdbc.PgConnection@7bdd657f
2026-05-16 17:55:51.200 [JavaFX Application Thread] INFO  com.zaxxer.hikari.HikariDataSource - DIMS-HikariPool - Start completed.
2026-05-16 17:55:51.202 [JavaFX Application Thread] INFO  com.imagemanager.dao.DatabaseConnection - 数据库连接池初始化成功 [URL=jdbc:postgresql://localhost:5432/image_manager] [池大小=10]
2026-05-16 17:55:51.202 [JavaFX Application Thread] INFO  com.imagemanager.App - 数据库连接初始化成功
2026-05-16 17:55:52.153 [JavaFX Application Thread] INFO  com.imagemanager.controller.MainController - 初始化主界面...
2026-05-16 17:55:52.157 [JavaFX Application Thread] INFO  com.imagemanager.controller.MainController - 主界面初始化完成
2026-05-16 17:55:52.877 [JavaFX Application Thread] INFO  com.imagemanager.App - 应用程序启动成功
2026-05-16 17:55:52.915 [JavaFX Application Thread] ERROR com.imagemanager.dao.SettingsDaoImpl - 查询设置失败: key=show_welcome
org.postgresql.util.PSQLException: 错误: 关系 "app_settings" 不存在
  位置：36
	at org.postgresql.core.v3.QueryExecutorImpl.receiveErrorResponse(QueryExecutorImpl.java:2733)
	at org.postgresql.core.v3.QueryExecutorImpl.processResults(QueryExecutorImpl.java:2420)
	at org.postgresql.core.v3.QueryExecutorImpl.execute(QueryExecutorImpl.java:372)
	at org.postgresql.jdbc.PgStatement.executeInternal(PgStatement.java:517)
	at org.postgresql.jdbc.PgStatement.execute(PgStatement.java:434)
	at org.postgresql.jdbc.PgPreparedStatement.executeWithFlags(PgPreparedStatement.java:194)
	at org.postgresql.jdbc.PgPreparedStatement.executeQuery(PgPreparedStatement.java:137)
	at com.zaxxer.hikari.pool.ProxyPreparedStatement.executeQuery(ProxyPreparedStatement.java:52)
	at com.zaxxer.hikari.pool.HikariProxyPreparedStatement.executeQuery(HikariProxyPreparedStatement.java)
	at com.imagemanager.dao.SettingsDaoImpl.findByKey(SettingsDaoImpl.java:26)
	at com.imagemanager.dao.SettingsDaoImpl.getValueOrDefault(SettingsDaoImpl.java:85)
	at com.imagemanager.controller.WelcomeDialogController.shouldShowWelcome(WelcomeDialogController.java:152)
	at com.imagemanager.App.showWelcomeDialogIfNeeded(App.java:86)
	at com.imagemanager.App.start(App.java:68)
	at javafx.graphics@26/com.sun.javafx.application.LauncherImpl.lambda$launchApplication1$4(LauncherImpl.java:845)
	at javafx.graphics@26/com.sun.javafx.application.PlatformImpl.lambda$runAndWait$0(PlatformImpl.java:449)
	at javafx.graphics@26/com.sun.javafx.application.PlatformImpl.lambda$runLater$0(PlatformImpl.java:424)
	at javafx.graphics@26/com.sun.glass.ui.InvokeLaterDispatcher$Future.run(InvokeLaterDispatcher.java:95)
	at javafx.graphics@26/com.sun.glass.ui.win.WinApplication._runLoop(Native Method)
	at javafx.graphics@26/com.sun.glass.ui.win.WinApplication.lambda$runLoop$0(WinApplication.java:173)
	at java.base/java.lang.Thread.run(Thread.java:1516)
2026-05-16 17:56:03.370 [JavaFX Application Thread] INFO  com.imagemanager.App - 用户取消了首次启动向导
2026-05-16 17:56:04.377 [JavaFX Application Thread] INFO  com.imagemanager.controller.MainController - 选中目录: F:\
2026-05-16 17:56:04.383 [virtual-67] INFO  com.imagemanager.service.ImageServiceImpl - 扫描目录: F:\
2026-05-16 17:56:04.430 [virtual-67] DEBUG com.imagemanager.dao.ImageDaoImpl - 查询目录 2 下的图片: 共 0 张
2026-05-16 17:56:04.431 [virtual-67] DEBUG com.imagemanager.dao.ImageDaoImpl - 查询目录 2 下的图片: 共 0 张
2026-05-16 17:56:05.597 [JavaFX Application Thread] INFO  com.imagemanager.controller.MainController - 选中目录: D:\
2026-05-16 17:56:05.597 [virtual-74] INFO  com.imagemanager.service.ImageServiceImpl - 扫描目录: D:\
2026-05-16 17:56:05.610 [virtual-74] DEBUG com.imagemanager.dao.ImageDaoImpl - 查询目录 7 下的图片: 共 0 张
2026-05-16 17:56:05.610 [virtual-74] DEBUG com.imagemanager.dao.ImageDaoImpl - 查询目录 7 下的图片: 共 0 张
2026-05-16 17:56:05.921 [JavaFX Application Thread] INFO  com.imagemanager.controller.MainController - 选中目录: E:\
2026-05-16 17:56:05.922 [virtual-75] INFO  com.imagemanager.service.ImageServiceImpl - 扫描目录: E:\
2026-05-16 17:56:05.925 [virtual-75] DEBUG com.imagemanager.dao.ImageDaoImpl - 查询目录 1 下的图片: 共 0 张
2026-05-16 17:56:05.926 [virtual-75] DEBUG com.imagemanager.dao.ImageDaoImpl - 查询目录 1 下的图片: 共 0 张
2026-05-16 17:56:07.117 [JavaFX Application Thread] INFO  com.imagemanager.controller.MainController - 选中目录: E:\test
2026-05-16 17:56:07.117 [virtual-76] INFO  com.imagemanager.service.ImageServiceImpl - 扫描目录: E:\test
2026-05-16 17:56:07.127 [virtual-76] DEBUG com.imagemanager.dao.DirectoryDaoImpl - 创建目录记录: id=35, path=E:\test
2026-05-16 17:56:07.128 [virtual-76] DEBUG com.imagemanager.dao.ImageDaoImpl - 查询目录 35 下的图片: 共 0 张
2026-05-16 17:56:07.129 [virtual-76] DEBUG com.imagemanager.dao.ImageDaoImpl - 查询目录 35 下的图片: 共 0 张
2026-05-16 17:56:07.937 [JavaFX Application Thread] INFO  com.imagemanager.controller.MainController - 选中目录: E:\攻略
2026-05-16 17:56:07.937 [virtual-77] INFO  com.imagemanager.service.ImageServiceImpl - 扫描目录: E:\攻略
2026-05-16 17:56:07.941 [virtual-77] DEBUG com.imagemanager.dao.ImageDaoImpl - 查询目录 31 下的图片: 共 0 张
2026-05-16 17:56:07.942 [virtual-77] DEBUG com.imagemanager.dao.ImageDaoImpl - 查询目录 31 下的图片: 共 0 张
2026-05-16 17:56:08.503 [JavaFX Application Thread] INFO  com.imagemanager.controller.MainController - 选中目录: E:\攻略\BS
2026-05-16 17:56:08.504 [virtual-78] INFO  com.imagemanager.service.ImageServiceImpl - 扫描目录: E:\攻略\BS
2026-05-16 17:56:08.507 [virtual-78] DEBUG com.imagemanager.dao.ImageDaoImpl - 查询目录 32 下的图片: 共 0 张
2026-05-16 17:56:08.507 [virtual-78] DEBUG com.imagemanager.dao.ImageDaoImpl - 查询目录 32 下的图片: 共 0 张
2026-05-16 17:56:09.153 [JavaFX Application Thread] INFO  com.imagemanager.controller.MainController - 选中目录: E:\攻略\BS\BS系列攻略文档ver1.03(原始网页)
2026-05-16 17:56:09.153 [virtual-79] INFO  com.imagemanager.service.ImageServiceImpl - 扫描目录: E:\攻略\BS\BS系列攻略文档ver1.03(原始网页)
2026-05-16 17:56:09.157 [virtual-79] DEBUG com.imagemanager.dao.ImageDaoImpl - 查询目录 33 下的图片: 共 0 张
2026-05-16 17:56:09.158 [virtual-79] DEBUG com.imagemanager.dao.ImageDaoImpl - 查询目录 33 下的图片: 共 0 张
2026-05-16 17:56:09.881 [JavaFX Application Thread] INFO  com.imagemanager.controller.MainController - 选中目录: E:\攻略\BS\BS系列攻略文档ver1.03(原始网页)\BLACKSOULS
2026-05-16 17:56:09.881 [virtual-80] INFO  com.imagemanager.service.ImageServiceImpl - 扫描目录: E:\攻略\BS\BS系列攻略文档ver1.03(原始网页)\BLACKSOULS
2026-05-16 17:56:09.887 [virtual-80] DEBUG com.imagemanager.dao.ImageDaoImpl - 查询目录 34 下的图片: 共 1 张
2026-05-16 17:56:09.888 [virtual-80] DEBUG com.imagemanager.dao.ImageDaoImpl - 查询目录 34 下的图片: 共 1 张
2026-05-16 17:56:10.790 [JavaFX Application Thread] DEBUG com.imagemanager.service.MusicService - 音乐目录已存在: C:\Users\w1831/DIMS_Music
2026-05-16 17:56:10.807 [JavaFX Application Thread] ERROR com.imagemanager.dao.SettingsDaoImpl - 查询设置失败: key=slideshow_interval
org.postgresql.util.PSQLException: 错误: 关系 "app_settings" 不存在
  位置：36
	at org.postgresql.core.v3.QueryExecutorImpl.receiveErrorResponse(QueryExecutorImpl.java:2733)
	at org.postgresql.core.v3.QueryExecutorImpl.processResults(QueryExecutorImpl.java:2420)
	at org.postgresql.core.v3.QueryExecutorImpl.execute(QueryExecutorImpl.java:372)
	at org.postgresql.jdbc.PgStatement.executeInternal(PgStatement.java:517)
	at org.postgresql.jdbc.PgStatement.execute(PgStatement.java:434)
	at org.postgresql.jdbc.PgPreparedStatement.executeWithFlags(PgPreparedStatement.java:194)
	at org.postgresql.jdbc.PgPreparedStatement.executeQuery(PgPreparedStatement.java:137)
	at com.zaxxer.hikari.pool.ProxyPreparedStatement.executeQuery(ProxyPreparedStatement.java:52)
	at com.zaxxer.hikari.pool.HikariProxyPreparedStatement.executeQuery(HikariProxyPreparedStatement.java)
	at com.imagemanager.dao.SettingsDaoImpl.findByKey(SettingsDaoImpl.java:26)
	at com.imagemanager.dao.SettingsDaoImpl.getValueOrDefault(SettingsDaoImpl.java:85)
	at com.imagemanager.controller.SlideshowController.initSlideshow(SlideshowController.java:117)
	at com.imagemanager.controller.MainController.openSlideshow(MainController.java:773)
	at com.imagemanager.controller.MainController.openSlideshow(MainController.java:763)
	at com.imagemanager.controller.MainController.handleCardClick(MainController.java:389)
	at com.imagemanager.controller.MainController.lambda$createThumbnailCard$1(MainController.java:365)
	at javafx.base@26/com.sun.javafx.event.CompositeEventHandler.dispatchBubblingEvent(CompositeEventHandler.java:86)
	at javafx.base@26/com.sun.javafx.event.EventHandlerManager.dispatchBubblingEvent(EventHandlerManager.java:232)
	at javafx.base@26/com.sun.javafx.event.EventHandlerManager.dispatchBubblingEvent(EventHandlerManager.java:189)
	at javafx.base@26/com.sun.javafx.event.CompositeEventDispatcher.dispatchBubblingEvent(CompositeEventDispatcher.java:59)
	at javafx.base@26/com.sun.javafx.event.BasicEventDispatcher.dispatchEvent(BasicEventDispatcher.java:58)
	at javafx.base@26/com.sun.javafx.event.EventDispatchChainImpl.dispatchEvent(EventDispatchChainImpl.java:114)
	at javafx.base@26/com.sun.javafx.event.BasicEventDispatcher.dispatchEvent(BasicEventDispatcher.java:56)
	at javafx.base@26/com.sun.javafx.event.EventDispatchChainImpl.dispatchEvent(EventDispatchChainImpl.java:114)
	at javafx.base@26/com.sun.javafx.event.BasicEventDispatcher.dispatchEvent(BasicEventDispatcher.java:56)
	at javafx.base@26/com.sun.javafx.event.EventDispatchChainImpl.dispatchEvent(EventDispatchChainImpl.java:114)
	at javafx.base@26/com.sun.javafx.event.BasicEventDispatcher.dispatchEvent(BasicEventDispatcher.java:56)
	at javafx.base@26/com.sun.javafx.event.EventDispatchChainImpl.dispatchEvent(EventDispatchChainImpl.java:114)
	at javafx.base@26/com.sun.javafx.event.BasicEventDispatcher.dispatchEvent(BasicEventDispatcher.java:56)
	at javafx.base@26/com.sun.javafx.event.EventDispatchChainImpl.dispatchEvent(EventDispatchChainImpl.java:114)
	at javafx.base@26/com.sun.javafx.event.BasicEventDispatcher.dispatchEvent(BasicEventDispatcher.java:56)
	at javafx.base@26/com.sun.javafx.event.EventDispatchChainImpl.dispatchEvent(EventDispatchChainImpl.java:114)
	at javafx.base@26/com.sun.javafx.event.BasicEventDispatcher.dispatchEvent(BasicEventDispatcher.java:56)
	at javafx.base@26/com.sun.javafx.event.EventDispatchChainImpl.dispatchEvent(EventDispatchChainImpl.java:114)
	at javafx.base@26/com.sun.javafx.event.EventUtil.fireEventImpl(EventUtil.java:74)
	at javafx.base@26/com.sun.javafx.event.EventUtil.fireEvent(EventUtil.java:54)
	at javafx.base@26/javafx.event.Event.fireEvent(Event.java:199)
	at javafx.graphics@26/javafx.scene.Scene$ClickGenerator.postProcess(Scene.java:3838)
	at javafx.graphics@26/javafx.scene.Scene$MouseHandler.process(Scene.java:4143)
	at javafx.graphics@26/javafx.scene.Scene.processMouseEvent(Scene.java:1953)
	at javafx.graphics@26/javafx.scene.Scene$ScenePeerListener.mouseEvent(Scene.java:2802)
	at javafx.graphics@26/com.sun.javafx.tk.quantum.GlassViewEventHandler$MouseEventNotification.get(GlassViewEventHandler.java:353)
	at javafx.graphics@26/com.sun.javafx.tk.quantum.GlassViewEventHandler$MouseEventNotification.get(GlassViewEventHandler.java:255)
	at javafx.graphics@26/com.sun.javafx.tk.quantum.QuantumToolkit.runWithoutRenderLock(QuantumToolkit.java:429)
	at javafx.graphics@26/com.sun.javafx.tk.quantum.GlassViewEventHandler.handleMouseEvent(GlassViewEventHandler.java:387)
	at javafx.graphics@26/com.sun.glass.ui.View.handleMouseEvent(View.java:573)
	at javafx.graphics@26/com.sun.glass.ui.View.notifyMouse(View.java:970)
	at javafx.graphics@26/com.sun.glass.ui.win.WinApplication._runLoop(Native Method)
	at javafx.graphics@26/com.sun.glass.ui.win.WinApplication.lambda$runLoop$0(WinApplication.java:173)
	at java.base/java.lang.Thread.run(Thread.java:1516)
2026-05-16 17:56:11.999 [JavaFX Application Thread] INFO  com.imagemanager.controller.SlideshowController - 开始自动播放（间隔: 3.0秒）
2026-05-16 17:56:13.064 [JavaFX Application Thread] INFO  com.imagemanager.controller.SlideshowController - 停止自动播放
2026-05-16 17:56:13.993 [JavaFX Application Thread] INFO  com.imagemanager.service.MusicService - 开始播放音乐: C:\Users\w1831\DIMS_Music\柔和吉他.mp3
2026-05-16 17:56:14.311 [JavaFX Application Thread] INFO  com.imagemanager.controller.SlideshowController - 开始自动播放（间隔: 3.0秒）
2026-05-16 17:56:15.655 [JavaFX Application Thread] INFO  com.imagemanager.controller.SlideshowController - 停止自动播放
2026-05-16 17:56:17.888 [JavaFX Application Thread] INFO  com.imagemanager.controller.SlideshowController - 开始自动播放（间隔: 3.0秒）
2026-05-16 17:56:19.024 [JavaFX Application Thread] INFO  com.imagemanager.controller.SlideshowController - 停止自动播放
2026-05-16 17:56:20.045 [JavaFX Application Thread] DEBUG com.imagemanager.service.MusicService - 音乐已停止
2026-05-16 17:56:20.061 [JavaFX Application Thread] INFO  com.imagemanager.service.MusicService - 开始播放音乐: C:\Users\w1831\DIMS_Music\自然之声.mp3
2026-05-16 17:56:23.178 [JavaFX Application Thread] DEBUG com.imagemanager.service.MusicService - 音乐已停止
2026-05-16 17:56:23.195 [JavaFX Application Thread] INFO  com.imagemanager.service.MusicService - 开始播放音乐: C:\Users\w1831\DIMS_Music\轻松钢琴.mp3
2026-05-16 17:56:51.478 [JavaFX Application Thread] INFO  com.imagemanager.controller.SlideshowController - 开始自动播放（间隔: 3.0秒）
2026-05-16 17:56:52.002 [JavaFX Application Thread] INFO  com.imagemanager.controller.SlideshowController - 停止自动播放
2026-05-16 17:57:15.280 [JavaFX Application Thread] ERROR com.imagemanager.dao.VersionDaoImpl - 统计版本数量失败: imageId=137
org.postgresql.util.PSQLException: 错误: 关系 "image_versions" 不存在
  位置：22
	at org.postgresql.core.v3.QueryExecutorImpl.receiveErrorResponse(QueryExecutorImpl.java:2733)
	at org.postgresql.core.v3.QueryExecutorImpl.processResults(QueryExecutorImpl.java:2420)
	at org.postgresql.core.v3.QueryExecutorImpl.execute(QueryExecutorImpl.java:372)
	at org.postgresql.jdbc.PgStatement.executeInternal(PgStatement.java:517)
	at org.postgresql.jdbc.PgStatement.execute(PgStatement.java:434)
	at org.postgresql.jdbc.PgPreparedStatement.executeWithFlags(PgPreparedStatement.java:194)
	at org.postgresql.jdbc.PgPreparedStatement.executeQuery(PgPreparedStatement.java:137)
	at com.zaxxer.hikari.pool.ProxyPreparedStatement.executeQuery(ProxyPreparedStatement.java:52)
	at com.zaxxer.hikari.pool.HikariProxyPreparedStatement.executeQuery(HikariProxyPreparedStatement.java)
	at com.imagemanager.dao.VersionDaoImpl.countVersions(VersionDaoImpl.java:169)
	at com.imagemanager.service.EditService.createOriginalVersion(EditService.java:60)
	at com.imagemanager.controller.ImageEditorController.initEditor(ImageEditorController.java:110)
	at com.imagemanager.controller.MainController.onEditImage(MainController.java:654)
	at com.imagemanager.controller.MainController.lambda$showContextMenu$4(MainController.java:534)
	at javafx.base@26/com.sun.javafx.event.CompositeEventHandler.dispatchBubblingEvent(CompositeEventHandler.java:86)
	at javafx.base@26/com.sun.javafx.event.EventHandlerManager.dispatchBubblingEvent(EventHandlerManager.java:232)
	at javafx.base@26/com.sun.javafx.event.EventHandlerManager.dispatchBubblingEvent(EventHandlerManager.java:189)
	at javafx.base@26/com.sun.javafx.event.BasicEventDispatcher.dispatchEvent(BasicEventDispatcher.java:58)
	at javafx.base@26/com.sun.javafx.event.EventDispatchChainImpl.dispatchEvent(EventDispatchChainImpl.java:114)
	at javafx.base@26/com.sun.javafx.event.EventUtil.fireEventImpl(EventUtil.java:74)
	at javafx.base@26/com.sun.javafx.event.EventUtil.fireEvent(EventUtil.java:49)
	at javafx.base@26/javafx.event.Event.fireEvent(Event.java:199)
	at javafx.controls@26/javafx.scene.control.MenuItem.fire(MenuItem.java:459)
	at javafx.controls@26/com.sun.javafx.scene.control.ContextMenuContent$MenuItemContainer.doSelect(ContextMenuContent.java:1426)
	at javafx.controls@26/com.sun.javafx.scene.control.ContextMenuContent$MenuItemContainer.lambda$createChildren$6(ContextMenuContent.java:1379)
	at javafx.base@26/com.sun.javafx.event.CompositeEventHandler$NormalEventHandlerRecord.handleBubblingEvent(CompositeEventHandler.java:247)
	at javafx.base@26/com.sun.javafx.event.CompositeEventHandler.dispatchBubblingEvent(CompositeEventHandler.java:80)
	at javafx.base@26/com.sun.javafx.event.EventHandlerManager.dispatchBubblingEvent(EventHandlerManager.java:232)
	at javafx.base@26/com.sun.javafx.event.EventHandlerManager.dispatchBubblingEvent(EventHandlerManager.java:189)
	at javafx.base@26/com.sun.javafx.event.CompositeEventDispatcher.dispatchBubblingEvent(CompositeEventDispatcher.java:59)
	at javafx.base@26/com.sun.javafx.event.BasicEventDispatcher.dispatchEvent(BasicEventDispatcher.java:58)
	at javafx.base@26/com.sun.javafx.event.EventDispatchChainImpl.dispatchEvent(EventDispatchChainImpl.java:114)
	at javafx.base@26/com.sun.javafx.event.BasicEventDispatcher.dispatchEvent(BasicEventDispatcher.java:56)
	at javafx.base@26/com.sun.javafx.event.EventDispatchChainImpl.dispatchEvent(EventDispatchChainImpl.java:114)
	at javafx.base@26/com.sun.javafx.event.BasicEventDispatcher.dispatchEvent(BasicEventDispatcher.java:56)
	at javafx.base@26/com.sun.javafx.event.EventDispatchChainImpl.dispatchEvent(EventDispatchChainImpl.java:114)
	at javafx.base@26/com.sun.javafx.event.BasicEventDispatcher.dispatchEvent(BasicEventDispatcher.java:56)
	at javafx.base@26/com.sun.javafx.event.EventDispatchChainImpl.dispatchEvent(EventDispatchChainImpl.java:114)
	at javafx.base@26/com.sun.javafx.event.EventUtil.fireEventImpl(EventUtil.java:74)
	at javafx.base@26/com.sun.javafx.event.EventUtil.fireEvent(EventUtil.java:54)
	at javafx.base@26/javafx.event.Event.fireEvent(Event.java:199)
	at javafx.graphics@26/javafx.scene.Scene$MouseHandler.process(Scene.java:4134)
	at javafx.graphics@26/javafx.scene.Scene.processMouseEvent(Scene.java:1953)
	at javafx.graphics@26/javafx.scene.Scene$ScenePeerListener.mouseEvent(Scene.java:2802)
	at javafx.graphics@26/com.sun.javafx.tk.quantum.GlassViewEventHandler$MouseEventNotification.get(GlassViewEventHandler.java:353)
	at javafx.graphics@26/com.sun.javafx.tk.quantum.GlassViewEventHandler$MouseEventNotification.get(GlassViewEventHandler.java:255)
	at javafx.graphics@26/com.sun.javafx.tk.quantum.QuantumToolkit.runWithoutRenderLock(QuantumToolkit.java:429)
	at javafx.graphics@26/com.sun.javafx.tk.quantum.GlassViewEventHandler.handleMouseEvent(GlassViewEventHandler.java:387)
	at javafx.graphics@26/com.sun.glass.ui.View.handleMouseEvent(View.java:573)
	at javafx.graphics@26/com.sun.glass.ui.View.notifyMouse(View.java:970)
	at javafx.graphics@26/com.sun.glass.ui.win.WinApplication._runLoop(Native Method)
	at javafx.graphics@26/com.sun.glass.ui.win.WinApplication.lambda$runLoop$0(WinApplication.java:173)
	at java.base/java.lang.Thread.run(Thread.java:1516)
2026-05-16 17:57:15.435 [JavaFX Application Thread] ERROR com.imagemanager.dao.VersionDaoImpl - 创建版本失败: imageId=137
org.postgresql.util.PSQLException: 错误: 关系 "image_versions" 不存在
  位置：8
	at org.postgresql.core.v3.QueryExecutorImpl.receiveErrorResponse(QueryExecutorImpl.java:2733)
	at org.postgresql.core.v3.QueryExecutorImpl.processResults(QueryExecutorImpl.java:2420)
	at org.postgresql.core.v3.QueryExecutorImpl.execute(QueryExecutorImpl.java:372)
	at org.postgresql.jdbc.PgStatement.executeInternal(PgStatement.java:517)
	at org.postgresql.jdbc.PgStatement.execute(PgStatement.java:434)
	at org.postgresql.jdbc.PgPreparedStatement.executeWithFlags(PgPreparedStatement.java:194)
	at org.postgresql.jdbc.PgPreparedStatement.executeUpdate(PgPreparedStatement.java:155)
	at com.zaxxer.hikari.pool.ProxyPreparedStatement.executeUpdate(ProxyPreparedStatement.java:61)
	at com.zaxxer.hikari.pool.HikariProxyPreparedStatement.executeUpdate(HikariProxyPreparedStatement.java)
	at com.imagemanager.dao.VersionDaoImpl.createVersion(VersionDaoImpl.java:83)
	at com.imagemanager.service.EditService.createOriginalVersion(EditService.java:84)
	at com.imagemanager.controller.ImageEditorController.initEditor(ImageEditorController.java:110)
	at com.imagemanager.controller.MainController.onEditImage(MainController.java:654)
	at com.imagemanager.controller.MainController.lambda$showContextMenu$4(MainController.java:534)
	at javafx.base@26/com.sun.javafx.event.CompositeEventHandler.dispatchBubblingEvent(CompositeEventHandler.java:86)
	at javafx.base@26/com.sun.javafx.event.EventHandlerManager.dispatchBubblingEvent(EventHandlerManager.java:232)
	at javafx.base@26/com.sun.javafx.event.EventHandlerManager.dispatchBubblingEvent(EventHandlerManager.java:189)
	at javafx.base@26/com.sun.javafx.event.BasicEventDispatcher.dispatchEvent(BasicEventDispatcher.java:58)
	at javafx.base@26/com.sun.javafx.event.EventDispatchChainImpl.dispatchEvent(EventDispatchChainImpl.java:114)
	at javafx.base@26/com.sun.javafx.event.EventUtil.fireEventImpl(EventUtil.java:74)
	at javafx.base@26/com.sun.javafx.event.EventUtil.fireEvent(EventUtil.java:49)
	at javafx.base@26/javafx.event.Event.fireEvent(Event.java:199)
	at javafx.controls@26/javafx.scene.control.MenuItem.fire(MenuItem.java:459)
	at javafx.controls@26/com.sun.javafx.scene.control.ContextMenuContent$MenuItemContainer.doSelect(ContextMenuContent.java:1426)
	at javafx.controls@26/com.sun.javafx.scene.control.ContextMenuContent$MenuItemContainer.lambda$createChildren$6(ContextMenuContent.java:1379)
	at javafx.base@26/com.sun.javafx.event.CompositeEventHandler$NormalEventHandlerRecord.handleBubblingEvent(CompositeEventHandler.java:247)
	at javafx.base@26/com.sun.javafx.event.CompositeEventHandler.dispatchBubblingEvent(CompositeEventHandler.java:80)
	at javafx.base@26/com.sun.javafx.event.EventHandlerManager.dispatchBubblingEvent(EventHandlerManager.java:232)
	at javafx.base@26/com.sun.javafx.event.EventHandlerManager.dispatchBubblingEvent(EventHandlerManager.java:189)
	at javafx.base@26/com.sun.javafx.event.CompositeEventDispatcher.dispatchBubblingEvent(CompositeEventDispatcher.java:59)
	at javafx.base@26/com.sun.javafx.event.BasicEventDispatcher.dispatchEvent(BasicEventDispatcher.java:58)
	at javafx.base@26/com.sun.javafx.event.EventDispatchChainImpl.dispatchEvent(EventDispatchChainImpl.java:114)
	at javafx.base@26/com.sun.javafx.event.BasicEventDispatcher.dispatchEvent(BasicEventDispatcher.java:56)
	at javafx.base@26/com.sun.javafx.event.EventDispatchChainImpl.dispatchEvent(EventDispatchChainImpl.java:114)
	at javafx.base@26/com.sun.javafx.event.BasicEventDispatcher.dispatchEvent(BasicEventDispatcher.java:56)
	at javafx.base@26/com.sun.javafx.event.EventDispatchChainImpl.dispatchEvent(EventDispatchChainImpl.java:114)
	at javafx.base@26/com.sun.javafx.event.BasicEventDispatcher.dispatchEvent(BasicEventDispatcher.java:56)
	at javafx.base@26/com.sun.javafx.event.EventDispatchChainImpl.dispatchEvent(EventDispatchChainImpl.java:114)
	at javafx.base@26/com.sun.javafx.event.EventUtil.fireEventImpl(EventUtil.java:74)
	at javafx.base@26/com.sun.javafx.event.EventUtil.fireEvent(EventUtil.java:54)
	at javafx.base@26/javafx.event.Event.fireEvent(Event.java:199)
	at javafx.graphics@26/javafx.scene.Scene$MouseHandler.process(Scene.java:4134)
	at javafx.graphics@26/javafx.scene.Scene.processMouseEvent(Scene.java:1953)
	at javafx.graphics@26/javafx.scene.Scene$ScenePeerListener.mouseEvent(Scene.java:2802)
	at javafx.graphics@26/com.sun.javafx.tk.quantum.GlassViewEventHandler$MouseEventNotification.get(GlassViewEventHandler.java:353)
	at javafx.graphics@26/com.sun.javafx.tk.quantum.GlassViewEventHandler$MouseEventNotification.get(GlassViewEventHandler.java:255)
	at javafx.graphics@26/com.sun.javafx.tk.quantum.QuantumToolkit.runWithoutRenderLock(QuantumToolkit.java:429)
	at javafx.graphics@26/com.sun.javafx.tk.quantum.GlassViewEventHandler.handleMouseEvent(GlassViewEventHandler.java:387)
	at javafx.graphics@26/com.sun.glass.ui.View.handleMouseEvent(View.java:573)
	at javafx.graphics@26/com.sun.glass.ui.View.notifyMouse(View.java:970)
	at javafx.graphics@26/com.sun.glass.ui.win.WinApplication._runLoop(Native Method)
	at javafx.graphics@26/com.sun.glass.ui.win.WinApplication.lambda$runLoop$0(WinApplication.java:173)
	at java.base/java.lang.Thread.run(Thread.java:1516)
2026-05-16 17:57:15.437 [JavaFX Application Thread] ERROR com.imagemanager.dao.VersionDaoImpl - 查询图片版本失败: imageId=137
org.postgresql.util.PSQLException: 错误: 关系 "image_versions" 不存在
  位置：149
	at org.postgresql.core.v3.QueryExecutorImpl.receiveErrorResponse(QueryExecutorImpl.java:2733)
	at org.postgresql.core.v3.QueryExecutorImpl.processResults(QueryExecutorImpl.java:2420)
	at org.postgresql.core.v3.QueryExecutorImpl.execute(QueryExecutorImpl.java:372)
	at org.postgresql.jdbc.PgStatement.executeInternal(PgStatement.java:517)
	at org.postgresql.jdbc.PgStatement.execute(PgStatement.java:434)
	at org.postgresql.jdbc.PgPreparedStatement.executeWithFlags(PgPreparedStatement.java:194)
	at org.postgresql.jdbc.PgPreparedStatement.executeQuery(PgPreparedStatement.java:137)
	at com.zaxxer.hikari.pool.ProxyPreparedStatement.executeQuery(ProxyPreparedStatement.java:52)
	at com.zaxxer.hikari.pool.HikariProxyPreparedStatement.executeQuery(HikariProxyPreparedStatement.java)
	at com.imagemanager.dao.VersionDaoImpl.findByImageId(VersionDaoImpl.java:33)
	at com.imagemanager.service.EditService.getVersionHistory(EditService.java:51)
	at com.imagemanager.controller.ImageEditorController.refreshVersionTimeline(ImageEditorController.java:310)
	at com.imagemanager.controller.ImageEditorController.initEditor(ImageEditorController.java:113)
	at com.imagemanager.controller.MainController.onEditImage(MainController.java:654)
	at com.imagemanager.controller.MainController.lambda$showContextMenu$4(MainController.java:534)
	at javafx.base@26/com.sun.javafx.event.CompositeEventHandler.dispatchBubblingEvent(CompositeEventHandler.java:86)
	at javafx.base@26/com.sun.javafx.event.EventHandlerManager.dispatchBubblingEvent(EventHandlerManager.java:232)
	at javafx.base@26/com.sun.javafx.event.EventHandlerManager.dispatchBubblingEvent(EventHandlerManager.java:189)
	at javafx.base@26/com.sun.javafx.event.BasicEventDispatcher.dispatchEvent(BasicEventDispatcher.java:58)
	at javafx.base@26/com.sun.javafx.event.EventDispatchChainImpl.dispatchEvent(EventDispatchChainImpl.java:114)
	at javafx.base@26/com.sun.javafx.event.EventUtil.fireEventImpl(EventUtil.java:74)
	at javafx.base@26/com.sun.javafx.event.EventUtil.fireEvent(EventUtil.java:49)
	at javafx.base@26/javafx.event.Event.fireEvent(Event.java:199)
	at javafx.controls@26/javafx.scene.control.MenuItem.fire(MenuItem.java:459)
	at javafx.controls@26/com.sun.javafx.scene.control.ContextMenuContent$MenuItemContainer.doSelect(ContextMenuContent.java:1426)
	at javafx.controls@26/com.sun.javafx.scene.control.ContextMenuContent$MenuItemContainer.lambda$createChildren$6(ContextMenuContent.java:1379)
	at javafx.base@26/com.sun.javafx.event.CompositeEventHandler$NormalEventHandlerRecord.handleBubblingEvent(CompositeEventHandler.java:247)
	at javafx.base@26/com.sun.javafx.event.CompositeEventHandler.dispatchBubblingEvent(CompositeEventHandler.java:80)
	at javafx.base@26/com.sun.javafx.event.EventHandlerManager.dispatchBubblingEvent(EventHandlerManager.java:232)
	at javafx.base@26/com.sun.javafx.event.EventHandlerManager.dispatchBubblingEvent(EventHandlerManager.java:189)
	at javafx.base@26/com.sun.javafx.event.CompositeEventDispatcher.dispatchBubblingEvent(CompositeEventDispatcher.java:59)
	at javafx.base@26/com.sun.javafx.event.BasicEventDispatcher.dispatchEvent(BasicEventDispatcher.java:58)
	at javafx.base@26/com.sun.javafx.event.EventDispatchChainImpl.dispatchEvent(EventDispatchChainImpl.java:114)
	at javafx.base@26/com.sun.javafx.event.BasicEventDispatcher.dispatchEvent(BasicEventDispatcher.java:56)
	at javafx.base@26/com.sun.javafx.event.EventDispatchChainImpl.dispatchEvent(EventDispatchChainImpl.java:114)
	at javafx.base@26/com.sun.javafx.event.BasicEventDispatcher.dispatchEvent(BasicEventDispatcher.java:56)
	at javafx.base@26/com.sun.javafx.event.EventDispatchChainImpl.dispatchEvent(EventDispatchChainImpl.java:114)
	at javafx.base@26/com.sun.javafx.event.BasicEventDispatcher.dispatchEvent(BasicEventDispatcher.java:56)
	at javafx.base@26/com.sun.javafx.event.EventDispatchChainImpl.dispatchEvent(EventDispatchChainImpl.java:114)
	at javafx.base@26/com.sun.javafx.event.EventUtil.fireEventImpl(EventUtil.java:74)
	at javafx.base@26/com.sun.javafx.event.EventUtil.fireEvent(EventUtil.java:54)
	at javafx.base@26/javafx.event.Event.fireEvent(Event.java:199)
	at javafx.graphics@26/javafx.scene.Scene$MouseHandler.process(Scene.java:4134)
	at javafx.graphics@26/javafx.scene.Scene.processMouseEvent(Scene.java:1953)
	at javafx.graphics@26/javafx.scene.Scene$ScenePeerListener.mouseEvent(Scene.java:2802)
	at javafx.graphics@26/com.sun.javafx.tk.quantum.GlassViewEventHandler$MouseEventNotification.get(GlassViewEventHandler.java:353)
	at javafx.graphics@26/com.sun.javafx.tk.quantum.GlassViewEventHandler$MouseEventNotification.get(GlassViewEventHandler.java:255)
	at javafx.graphics@26/com.sun.javafx.tk.quantum.QuantumToolkit.runWithoutRenderLock(QuantumToolkit.java:429)
	at javafx.graphics@26/com.sun.javafx.tk.quantum.GlassViewEventHandler.handleMouseEvent(GlassViewEventHandler.java:387)
	at javafx.graphics@26/com.sun.glass.ui.View.handleMouseEvent(View.java:573)
	at javafx.graphics@26/com.sun.glass.ui.View.notifyMouse(View.java:970)
	at javafx.graphics@26/com.sun.glass.ui.win.WinApplication._runLoop(Native Method)
	at javafx.graphics@26/com.sun.glass.ui.win.WinApplication.lambda$runLoop$0(WinApplication.java:173)
	at java.base/java.lang.Thread.run(Thread.java:1516)
2026-05-16 17:57:15.437 [JavaFX Application Thread] INFO  com.imagemanager.controller.ImageEditorController - 编辑器已初始化: map.jpg
2026-05-16 17:57:25.726 [JavaFX Application Thread] INFO  com.imagemanager.controller.MainController - 选中目录: E:\攻略\BS\BS系列攻略文档ver1.03(原始网页)\BLACKSOULS
2026-05-16 17:57:25.728 [virtual-339] INFO  com.imagemanager.service.ImageServiceImpl - 扫描目录: E:\攻略\BS\BS系列攻略文档ver1.03(原始网页)\BLACKSOULS
2026-05-16 17:57:25.732 [virtual-339] DEBUG com.imagemanager.dao.ImageDaoImpl - 查询目录 34 下的图片: 共 1 张
2026-05-16 17:57:25.733 [virtual-339] DEBUG com.imagemanager.dao.ImageDaoImpl - 查询目录 34 下的图片: 共 1 张
2026-05-16 17:57:26.976 [JavaFX Application Thread] ERROR com.imagemanager.dao.SettingsDaoImpl - 查询设置失败: key=slideshow_interval
org.postgresql.util.PSQLException: 错误: 关系 "app_settings" 不存在
  位置：36
	at org.postgresql.core.v3.QueryExecutorImpl.receiveErrorResponse(QueryExecutorImpl.java:2733)
	at org.postgresql.core.v3.QueryExecutorImpl.processResults(QueryExecutorImpl.java:2420)
	at org.postgresql.core.v3.QueryExecutorImpl.execute(QueryExecutorImpl.java:372)
	at org.postgresql.jdbc.PgStatement.executeInternal(PgStatement.java:517)
	at org.postgresql.jdbc.PgStatement.execute(PgStatement.java:434)
	at org.postgresql.jdbc.PgPreparedStatement.executeWithFlags(PgPreparedStatement.java:194)
	at org.postgresql.jdbc.PgPreparedStatement.executeQuery(PgPreparedStatement.java:137)
	at com.zaxxer.hikari.pool.ProxyPreparedStatement.executeQuery(ProxyPreparedStatement.java:52)
	at com.zaxxer.hikari.pool.HikariProxyPreparedStatement.executeQuery(HikariProxyPreparedStatement.java)
	at com.imagemanager.dao.SettingsDaoImpl.findByKey(SettingsDaoImpl.java:26)
	at com.imagemanager.dao.SettingsDaoImpl.getValueOrDefault(SettingsDaoImpl.java:85)
	at com.imagemanager.controller.SlideshowController.initSlideshow(SlideshowController.java:117)
	at com.imagemanager.controller.MainController.openSlideshow(MainController.java:773)
	at com.imagemanager.controller.MainController.openSlideshow(MainController.java:763)
	at com.imagemanager.controller.MainController.handleCardClick(MainController.java:389)
	at com.imagemanager.controller.MainController.lambda$createThumbnailCard$1(MainController.java:365)
	at javafx.base@26/com.sun.javafx.event.CompositeEventHandler.dispatchBubblingEvent(CompositeEventHandler.java:86)
	at javafx.base@26/com.sun.javafx.event.EventHandlerManager.dispatchBubblingEvent(EventHandlerManager.java:232)
	at javafx.base@26/com.sun.javafx.event.EventHandlerManager.dispatchBubblingEvent(EventHandlerManager.java:189)
	at javafx.base@26/com.sun.javafx.event.CompositeEventDispatcher.dispatchBubblingEvent(CompositeEventDispatcher.java:59)
	at javafx.base@26/com.sun.javafx.event.BasicEventDispatcher.dispatchEvent(BasicEventDispatcher.java:58)
	at javafx.base@26/com.sun.javafx.event.EventDispatchChainImpl.dispatchEvent(EventDispatchChainImpl.java:114)
	at javafx.base@26/com.sun.javafx.event.BasicEventDispatcher.dispatchEvent(BasicEventDispatcher.java:56)
	at javafx.base@26/com.sun.javafx.event.EventDispatchChainImpl.dispatchEvent(EventDispatchChainImpl.java:114)
	at javafx.base@26/com.sun.javafx.event.BasicEventDispatcher.dispatchEvent(BasicEventDispatcher.java:56)
	at javafx.base@26/com.sun.javafx.event.EventDispatchChainImpl.dispatchEvent(EventDispatchChainImpl.java:114)
	at javafx.base@26/com.sun.javafx.event.BasicEventDispatcher.dispatchEvent(BasicEventDispatcher.java:56)
	at javafx.base@26/com.sun.javafx.event.EventDispatchChainImpl.dispatchEvent(EventDispatchChainImpl.java:114)
	at javafx.base@26/com.sun.javafx.event.BasicEventDispatcher.dispatchEvent(BasicEventDispatcher.java:56)
	at javafx.base@26/com.sun.javafx.event.EventDispatchChainImpl.dispatchEvent(EventDispatchChainImpl.java:114)
	at javafx.base@26/com.sun.javafx.event.BasicEventDispatcher.dispatchEvent(BasicEventDispatcher.java:56)
	at javafx.base@26/com.sun.javafx.event.EventDispatchChainImpl.dispatchEvent(EventDispatchChainImpl.java:114)
	at javafx.base@26/com.sun.javafx.event.BasicEventDispatcher.dispatchEvent(BasicEventDispatcher.java:56)
	at javafx.base@26/com.sun.javafx.event.EventDispatchChainImpl.dispatchEvent(EventDispatchChainImpl.java:114)
	at javafx.base@26/com.sun.javafx.event.EventUtil.fireEventImpl(EventUtil.java:74)
	at javafx.base@26/com.sun.javafx.event.EventUtil.fireEvent(EventUtil.java:54)
	at javafx.base@26/javafx.event.Event.fireEvent(Event.java:199)
	at javafx.graphics@26/javafx.scene.Scene$ClickGenerator.postProcess(Scene.java:3838)
	at javafx.graphics@26/javafx.scene.Scene$MouseHandler.process(Scene.java:4143)
	at javafx.graphics@26/javafx.scene.Scene.processMouseEvent(Scene.java:1953)
	at javafx.graphics@26/javafx.scene.Scene$ScenePeerListener.mouseEvent(Scene.java:2802)
	at javafx.graphics@26/com.sun.javafx.tk.quantum.GlassViewEventHandler$MouseEventNotification.get(GlassViewEventHandler.java:353)
	at javafx.graphics@26/com.sun.javafx.tk.quantum.GlassViewEventHandler$MouseEventNotification.get(GlassViewEventHandler.java:255)
	at javafx.graphics@26/com.sun.javafx.tk.quantum.QuantumToolkit.runWithoutRenderLock(QuantumToolkit.java:429)
	at javafx.graphics@26/com.sun.javafx.tk.quantum.GlassViewEventHandler.handleMouseEvent(GlassViewEventHandler.java:387)
	at javafx.graphics@26/com.sun.glass.ui.View.handleMouseEvent(View.java:573)
	at javafx.graphics@26/com.sun.glass.ui.View.notifyMouse(View.java:970)
	at javafx.graphics@26/com.sun.glass.ui.win.WinApplication._runLoop(Native Method)
	at javafx.graphics@26/com.sun.glass.ui.win.WinApplication.lambda$runLoop$0(WinApplication.java:173)
	at java.base/java.lang.Thread.run(Thread.java:1516)
2026-05-16 17:57:28.213 [JavaFX Application Thread] INFO  com.imagemanager.App - 应用程序关闭中，释放资源...
2026-05-16 17:57:28.213 [JavaFX Application Thread] INFO  com.zaxxer.hikari.HikariDataSource - DIMS-HikariPool - Shutdown initiated...
2026-05-16 17:57:28.215 [JavaFX Application Thread] INFO  com.zaxxer.hikari.HikariDataSource - DIMS-HikariPool - Shutdown completed.
2026-05-16 17:57:28.215 [JavaFX Application Thread] INFO  com.imagemanager.dao.DatabaseConnection - 数据库连接池已关闭
2026-05-16 17:57:28.215 [JavaFX Application Thread] INFO  com.imagemanager.App - 资源释放完毕
2026-05-16 18:07:25.795 [JavaFX Application Thread] INFO  com.imagemanager.App - 正在初始化数据库连接...
2026-05-16 18:07:25.808 [JavaFX Application Thread] INFO  com.zaxxer.hikari.HikariDataSource - DIMS-HikariPool - Starting...
2026-05-16 18:07:26.184 [JavaFX Application Thread] INFO  com.zaxxer.hikari.pool.HikariPool - DIMS-HikariPool - Added connection org.postgresql.jdbc.PgConnection@d766c21
2026-05-16 18:07:26.187 [JavaFX Application Thread] INFO  com.zaxxer.hikari.HikariDataSource - DIMS-HikariPool - Start completed.
2026-05-16 18:07:26.187 [JavaFX Application Thread] INFO  com.imagemanager.dao.DatabaseConnection - 数据库连接池初始化成功 [URL=jdbc:postgresql://localhost:5432/image_manager] [池大小=10]
2026-05-16 18:07:26.187 [JavaFX Application Thread] INFO  com.imagemanager.App - 数据库连接初始化成功
2026-05-16 18:07:27.043 [JavaFX Application Thread] INFO  com.imagemanager.controller.MainController - 初始化主界面...
2026-05-16 18:07:27.047 [JavaFX Application Thread] INFO  com.imagemanager.controller.MainController - 主界面初始化完成
2026-05-16 18:07:27.553 [JavaFX Application Thread] INFO  com.imagemanager.App - 应用程序启动成功
2026-05-16 18:07:30.314 [JavaFX Application Thread] INFO  com.imagemanager.App - 用户取消了首次启动向导
2026-05-16 18:07:31.073 [JavaFX Application Thread] INFO  com.imagemanager.controller.MainController - 选中目录: F:\
2026-05-16 18:07:31.078 [virtual-66] INFO  com.imagemanager.service.ImageServiceImpl - 扫描目录: F:\
2026-05-16 18:07:31.092 [virtual-66] DEBUG com.imagemanager.dao.ImageDaoImpl - 查询目录 2 下的图片: 共 0 张
2026-05-16 18:07:31.093 [virtual-66] DEBUG com.imagemanager.dao.ImageDaoImpl - 查询目录 2 下的图片: 共 0 张
2026-05-16 18:07:32.464 [JavaFX Application Thread] INFO  com.imagemanager.controller.MainController - 选中目录: E:\
2026-05-16 18:07:32.465 [virtual-73] INFO  com.imagemanager.service.ImageServiceImpl - 扫描目录: E:\
2026-05-16 18:07:32.468 [virtual-73] DEBUG com.imagemanager.dao.ImageDaoImpl - 查询目录 1 下的图片: 共 0 张
2026-05-16 18:07:32.469 [virtual-73] DEBUG com.imagemanager.dao.ImageDaoImpl - 查询目录 1 下的图片: 共 0 张
2026-05-16 18:07:33.446 [JavaFX Application Thread] INFO  com.imagemanager.controller.MainController - 选中目录: E:\攻略
2026-05-16 18:07:33.446 [virtual-74] INFO  com.imagemanager.service.ImageServiceImpl - 扫描目录: E:\攻略
2026-05-16 18:07:33.450 [virtual-74] DEBUG com.imagemanager.dao.ImageDaoImpl - 查询目录 31 下的图片: 共 0 张
2026-05-16 18:07:33.450 [virtual-74] DEBUG com.imagemanager.dao.ImageDaoImpl - 查询目录 31 下的图片: 共 0 张
2026-05-16 18:07:34.139 [JavaFX Application Thread] INFO  com.imagemanager.controller.MainController - 选中目录: E:\攻略\BS
2026-05-16 18:07:34.140 [virtual-75] INFO  com.imagemanager.service.ImageServiceImpl - 扫描目录: E:\攻略\BS
2026-05-16 18:07:34.144 [virtual-75] DEBUG com.imagemanager.dao.ImageDaoImpl - 查询目录 32 下的图片: 共 0 张
2026-05-16 18:07:34.144 [virtual-75] DEBUG com.imagemanager.dao.ImageDaoImpl - 查询目录 32 下的图片: 共 0 张
2026-05-16 18:07:34.758 [JavaFX Application Thread] INFO  com.imagemanager.controller.MainController - 选中目录: E:\攻略\BS\BS系列攻略文档ver1.03(原始网页)
2026-05-16 18:07:34.758 [virtual-76] INFO  com.imagemanager.service.ImageServiceImpl - 扫描目录: E:\攻略\BS\BS系列攻略文档ver1.03(原始网页)
2026-05-16 18:07:34.761 [virtual-76] DEBUG com.imagemanager.dao.ImageDaoImpl - 查询目录 33 下的图片: 共 0 张
2026-05-16 18:07:34.762 [virtual-76] DEBUG com.imagemanager.dao.ImageDaoImpl - 查询目录 33 下的图片: 共 0 张
2026-05-16 18:07:36.616 [JavaFX Application Thread] INFO  com.imagemanager.controller.MainController - 选中目录: E:\攻略\BS\大二上
2026-05-16 18:07:36.616 [virtual-77] INFO  com.imagemanager.service.ImageServiceImpl - 扫描目录: E:\攻略\BS\大二上
2026-05-16 18:07:36.620 [virtual-77] DEBUG com.imagemanager.dao.DirectoryDaoImpl - 创建目录记录: id=36, path=E:\攻略\BS\大二上
2026-05-16 18:07:36.623 [virtual-77] DEBUG com.imagemanager.dao.ImageDaoImpl - 查询目录 36 下的图片: 共 0 张
2026-05-16 18:07:36.624 [virtual-77] DEBUG com.imagemanager.dao.ImageDaoImpl - 查询目录 36 下的图片: 共 0 张
2026-05-16 18:07:36.826 [JavaFX Application Thread] INFO  com.imagemanager.controller.MainController - 选中目录: E:\攻略\BS\BS系列攻略文档ver1.03(原始网页)
2026-05-16 18:07:36.826 [virtual-78] INFO  com.imagemanager.service.ImageServiceImpl - 扫描目录: E:\攻略\BS\BS系列攻略文档ver1.03(原始网页)
2026-05-16 18:07:36.829 [virtual-78] DEBUG com.imagemanager.dao.ImageDaoImpl - 查询目录 33 下的图片: 共 0 张
2026-05-16 18:07:36.829 [virtual-78] DEBUG com.imagemanager.dao.ImageDaoImpl - 查询目录 33 下的图片: 共 0 张
2026-05-16 18:07:37.385 [JavaFX Application Thread] INFO  com.imagemanager.controller.MainController - 选中目录: E:\攻略\BS\BS系列攻略文档ver1.03(原始网页)\BLACKSOULS
2026-05-16 18:07:37.386 [virtual-79] INFO  com.imagemanager.service.ImageServiceImpl - 扫描目录: E:\攻略\BS\BS系列攻略文档ver1.03(原始网页)\BLACKSOULS
2026-05-16 18:07:37.388 [virtual-79] DEBUG com.imagemanager.dao.ImageDaoImpl - 查询目录 34 下的图片: 共 1 张
2026-05-16 18:07:37.389 [virtual-79] DEBUG com.imagemanager.dao.ImageDaoImpl - 查询目录 34 下的图片: 共 1 张
2026-05-16 18:07:38.421 [JavaFX Application Thread] DEBUG com.imagemanager.service.MusicService - 音乐目录已存在: C:\Users\w1831/DIMS_Music
2026-05-16 18:07:39.634 [JavaFX Application Thread] INFO  com.imagemanager.controller.SlideshowController - 开始自动播放（间隔: 3.0秒）
2026-05-16 18:07:40.747 [JavaFX Application Thread] INFO  com.imagemanager.controller.SlideshowController - 停止自动播放
2026-05-16 18:07:41.541 [JavaFX Application Thread] INFO  com.imagemanager.service.MusicService - 开始播放音乐: C:\Users\w1831\DIMS_Music\自然之声.mp3
2026-05-16 18:07:41.586 [JavaFX Application Thread] DEBUG com.imagemanager.service.MusicService - 音乐进入播放状态: 自然之声
2026-05-16 18:07:41.832 [JavaFX Application Thread] INFO  com.imagemanager.controller.SlideshowController - 开始自动播放（间隔: 3.0秒）
2026-05-16 18:07:42.804 [JavaFX Application Thread] INFO  com.imagemanager.controller.SlideshowController - 停止自动播放
2026-05-16 18:07:44.391 [JavaFX Application Thread] INFO  com.imagemanager.service.MusicService - 暂停音乐: 自然之声
2026-05-16 18:07:44.392 [JavaFX Application Thread] DEBUG com.imagemanager.service.MusicService - 音乐进入暂停状态: 自然之声
2026-05-16 18:07:46.059 [JavaFX Application Thread] DEBUG com.imagemanager.service.MusicService - 音乐已停止
2026-05-16 18:07:46.076 [JavaFX Application Thread] INFO  com.imagemanager.service.MusicService - 开始播放音乐: C:\Users\w1831\DIMS_Music\柔和吉他.mp3
2026-05-16 18:07:46.107 [JavaFX Application Thread] DEBUG com.imagemanager.service.MusicService - 音乐进入播放状态: 柔和吉他
2026-05-16 18:07:47.994 [JavaFX Application Thread] INFO  com.imagemanager.service.MusicService - 暂停音乐: 柔和吉他
2026-05-16 18:07:47.995 [JavaFX Application Thread] DEBUG com.imagemanager.service.MusicService - 音乐进入暂停状态: 柔和吉他
2026-05-16 18:07:49.315 [JavaFX Application Thread] DEBUG com.imagemanager.service.MusicService - 音乐已停止
2026-05-16 18:07:49.330 [JavaFX Application Thread] INFO  com.imagemanager.service.MusicService - 开始播放音乐: C:\Users\w1831\DIMS_Music\轻松钢琴.mp3
2026-05-16 18:07:49.360 [JavaFX Application Thread] DEBUG com.imagemanager.service.MusicService - 音乐进入播放状态: 轻松钢琴
2026-05-16 18:07:49.744 [JavaFX Application Thread] INFO  com.imagemanager.service.MusicService - 暂停音乐: 轻松钢琴
2026-05-16 18:07:49.745 [JavaFX Application Thread] DEBUG com.imagemanager.service.MusicService - 音乐进入暂停状态: 轻松钢琴
2026-05-16 18:07:50.691 [JavaFX Application Thread] INFO  com.imagemanager.service.MusicService - 继续播放音乐: 轻松钢琴
2026-05-16 18:07:50.691 [JavaFX Application Thread] DEBUG com.imagemanager.service.MusicService - 音乐进入播放状态: 轻松钢琴
2026-05-16 18:07:55.554 [JavaFX Application Thread] INFO  com.imagemanager.controller.SlideshowController - 开始自动播放（间隔: 3.0秒）
2026-05-16 18:07:56.320 [JavaFX Application Thread] INFO  com.imagemanager.controller.SlideshowController - 停止自动播放
2026-05-16 18:08:03.943 [JavaFX Application Thread] DEBUG com.imagemanager.service.MusicService - 音乐已停止
2026-05-16 18:08:03.945 [JavaFX Application Thread] DEBUG com.imagemanager.service.MusicService - 音乐进入停止状态: null
2026-05-16 18:08:04.837 [JavaFX Application Thread] INFO  com.imagemanager.service.MusicService - 开始播放音乐: C:\Users\w1831\DIMS_Music\自然之声.mp3
2026-05-16 18:08:04.879 [JavaFX Application Thread] DEBUG com.imagemanager.service.MusicService - 音乐进入播放状态: 自然之声
2026-05-16 18:08:05.892 [JavaFX Application Thread] INFO  com.imagemanager.service.MusicService - 暂停音乐: 自然之声
2026-05-16 18:08:05.893 [JavaFX Application Thread] DEBUG com.imagemanager.service.MusicService - 音乐进入暂停状态: 自然之声
2026-05-16 18:08:07.020 [JavaFX Application Thread] INFO  com.imagemanager.service.MusicService - 继续播放音乐: 自然之声
2026-05-16 18:08:07.021 [JavaFX Application Thread] DEBUG com.imagemanager.service.MusicService - 音乐进入播放状态: 自然之声
2026-05-16 18:08:18.197 [JavaFX Application Thread] INFO  com.imagemanager.controller.ImageEditorController - 编辑器已初始化: map.jpg
2026-05-16 18:08:40.782 [JavaFX Application Thread] INFO  com.imagemanager.controller.MainController - 选中目录: E:\攻略\BS\BS系列攻略文档ver1.03(原始网页)\BLACKSOULS
2026-05-16 18:08:40.783 [virtual-349] INFO  com.imagemanager.service.ImageServiceImpl - 扫描目录: E:\攻略\BS\BS系列攻略文档ver1.03(原始网页)\BLACKSOULS
2026-05-16 18:08:40.787 [virtual-349] DEBUG com.imagemanager.dao.ImageDaoImpl - 查询目录 34 下的图片: 共 1 张
2026-05-16 18:08:40.788 [virtual-349] DEBUG com.imagemanager.dao.ImageDaoImpl - 查询目录 34 下的图片: 共 1 张
2026-05-16 18:08:42.320 [JavaFX Application Thread] INFO  com.imagemanager.App - 应用程序关闭中，释放资源...
2026-05-16 18:08:42.320 [JavaFX Application Thread] INFO  com.zaxxer.hikari.HikariDataSource - DIMS-HikariPool - Shutdown initiated...
2026-05-16 18:08:42.322 [JavaFX Application Thread] INFO  com.zaxxer.hikari.HikariDataSource - DIMS-HikariPool - Shutdown completed.
2026-05-16 18:08:42.322 [JavaFX Application Thread] INFO  com.imagemanager.dao.DatabaseConnection - 数据库连接池已关闭
2026-05-16 18:08:42.322 [JavaFX Application Thread] INFO  com.imagemanager.App - 资源释放完毕
2026-05-16 18:18:53.953 [JavaFX Application Thread] INFO  com.imagemanager.App - 正在初始化数据库连接...
2026-05-16 18:18:53.967 [JavaFX Application Thread] INFO  com.zaxxer.hikari.HikariDataSource - DIMS-HikariPool - Starting...
2026-05-16 18:18:54.305 [JavaFX Application Thread] INFO  com.zaxxer.hikari.pool.HikariPool - DIMS-HikariPool - Added connection org.postgresql.jdbc.PgConnection@19c4c0cf
2026-05-16 18:18:54.307 [JavaFX Application Thread] INFO  com.zaxxer.hikari.HikariDataSource - DIMS-HikariPool - Start completed.
2026-05-16 18:18:54.307 [JavaFX Application Thread] INFO  com.imagemanager.dao.DatabaseConnection - 数据库连接池初始化成功 [URL=jdbc:postgresql://localhost:5432/image_manager] [池大小=10]
2026-05-16 18:18:54.307 [JavaFX Application Thread] INFO  com.imagemanager.App - 数据库连接初始化成功
2026-05-16 18:18:55.151 [JavaFX Application Thread] INFO  com.imagemanager.controller.MainController - 初始化主界面...
2026-05-16 18:18:55.157 [JavaFX Application Thread] INFO  com.imagemanager.controller.MainController - 主界面初始化完成
2026-05-16 18:18:55.791 [JavaFX Application Thread] INFO  com.imagemanager.App - 应用程序启动成功
2026-05-16 18:18:59.365 [JavaFX Application Thread] INFO  com.imagemanager.App - 用户取消了首次启动向导
2026-05-16 18:19:00.048 [JavaFX Application Thread] INFO  com.imagemanager.controller.MainController - 选中目录: D:\
2026-05-16 18:19:00.053 [virtual-66] INFO  com.imagemanager.service.ImageServiceImpl - 扫描目录: D:\
2026-05-16 18:19:00.073 [virtual-66] DEBUG com.imagemanager.dao.ImageDaoImpl - 查询目录 7 下的图片: 共 0 张
2026-05-16 18:19:00.073 [virtual-66] DEBUG com.imagemanager.dao.ImageDaoImpl - 查询目录 7 下的图片: 共 0 张
2026-05-16 18:19:00.421 [JavaFX Application Thread] INFO  com.imagemanager.controller.MainController - 选中目录: F:\
2026-05-16 18:19:00.421 [virtual-73] INFO  com.imagemanager.service.ImageServiceImpl - 扫描目录: F:\
2026-05-16 18:19:00.425 [virtual-73] DEBUG com.imagemanager.dao.ImageDaoImpl - 查询目录 2 下的图片: 共 0 张
2026-05-16 18:19:00.426 [virtual-73] DEBUG com.imagemanager.dao.ImageDaoImpl - 查询目录 2 下的图片: 共 0 张
2026-05-16 18:19:00.775 [JavaFX Application Thread] INFO  com.imagemanager.controller.MainController - 选中目录: E:\
2026-05-16 18:19:00.776 [virtual-74] INFO  com.imagemanager.service.ImageServiceImpl - 扫描目录: E:\
2026-05-16 18:19:00.779 [virtual-74] DEBUG com.imagemanager.dao.ImageDaoImpl - 查询目录 1 下的图片: 共 0 张
2026-05-16 18:19:00.780 [virtual-74] DEBUG com.imagemanager.dao.ImageDaoImpl - 查询目录 1 下的图片: 共 0 张
2026-05-16 18:19:01.033 [JavaFX Application Thread] INFO  com.imagemanager.controller.MainController - 选中目录: F:\
2026-05-16 18:19:01.034 [virtual-75] INFO  com.imagemanager.service.ImageServiceImpl - 扫描目录: F:\
2026-05-16 18:19:01.037 [virtual-75] DEBUG com.imagemanager.dao.ImageDaoImpl - 查询目录 2 下的图片: 共 0 张
2026-05-16 18:19:01.038 [virtual-75] DEBUG com.imagemanager.dao.ImageDaoImpl - 查询目录 2 下的图片: 共 0 张
2026-05-16 18:19:05.016 [JavaFX Application Thread] INFO  com.imagemanager.controller.MainController - 选中目录: E:\
2026-05-16 18:19:05.016 [virtual-76] INFO  com.imagemanager.service.ImageServiceImpl - 扫描目录: E:\
2026-05-16 18:19:05.021 [virtual-76] DEBUG com.imagemanager.dao.ImageDaoImpl - 查询目录 1 下的图片: 共 0 张
2026-05-16 18:19:05.021 [virtual-76] DEBUG com.imagemanager.dao.ImageDaoImpl - 查询目录 1 下的图片: 共 0 张
2026-05-16 18:22:28.912 [JavaFX Application Thread] INFO  com.imagemanager.controller.MainController - 选中目录: F:\WeGameApps
2026-05-16 18:22:28.913 [virtual-77] INFO  com.imagemanager.service.ImageServiceImpl - 扫描目录: F:\WeGameApps
2026-05-16 18:22:28.918 [virtual-77] DEBUG com.imagemanager.dao.ImageDaoImpl - 查询目录 23 下的图片: 共 0 张
2026-05-16 18:22:28.918 [virtual-77] DEBUG com.imagemanager.dao.ImageDaoImpl - 查询目录 23 下的图片: 共 0 张
2026-05-16 18:22:29.715 [JavaFX Application Thread] INFO  com.imagemanager.controller.MainController - 选中目录: F:\TSET
2026-05-16 18:22:29.715 [virtual-80] INFO  com.imagemanager.service.ImageServiceImpl - 扫描目录: F:\TSET
2026-05-16 18:22:29.718 [virtual-80] DEBUG com.imagemanager.dao.ImageDaoImpl - 查询目录 21 下的图片: 共 0 张
2026-05-16 18:22:29.718 [virtual-80] DEBUG com.imagemanager.dao.ImageDaoImpl - 查询目录 21 下的图片: 共 0 张
2026-05-16 18:22:32.436 [JavaFX Application Thread] INFO  com.imagemanager.controller.MainController - 选中目录: E:\攻略
2026-05-16 18:22:32.437 [virtual-81] INFO  com.imagemanager.service.ImageServiceImpl - 扫描目录: E:\攻略
2026-05-16 18:22:32.440 [virtual-81] DEBUG com.imagemanager.dao.ImageDaoImpl - 查询目录 31 下的图片: 共 0 张
2026-05-16 18:22:32.441 [virtual-81] DEBUG com.imagemanager.dao.ImageDaoImpl - 查询目录 31 下的图片: 共 0 张
2026-05-16 18:22:32.985 [JavaFX Application Thread] INFO  com.imagemanager.controller.MainController - 选中目录: E:\攻略\BS
2026-05-16 18:22:32.985 [virtual-82] INFO  com.imagemanager.service.ImageServiceImpl - 扫描目录: E:\攻略\BS
2026-05-16 18:22:32.988 [virtual-82] DEBUG com.imagemanager.dao.ImageDaoImpl - 查询目录 32 下的图片: 共 0 张
2026-05-16 18:22:32.988 [virtual-82] DEBUG com.imagemanager.dao.ImageDaoImpl - 查询目录 32 下的图片: 共 0 张
2026-05-16 18:22:33.680 [JavaFX Application Thread] INFO  com.imagemanager.controller.MainController - 选中目录: E:\攻略\BS\BS系列攻略文档ver1.03(原始网页)
2026-05-16 18:22:33.680 [virtual-83] INFO  com.imagemanager.service.ImageServiceImpl - 扫描目录: E:\攻略\BS\BS系列攻略文档ver1.03(原始网页)
2026-05-16 18:22:33.683 [virtual-83] DEBUG com.imagemanager.dao.ImageDaoImpl - 查询目录 33 下的图片: 共 0 张
2026-05-16 18:22:33.684 [virtual-83] DEBUG com.imagemanager.dao.ImageDaoImpl - 查询目录 33 下的图片: 共 0 张
2026-05-16 18:22:34.281 [JavaFX Application Thread] INFO  com.imagemanager.controller.MainController - 选中目录: E:\攻略\BS\BS系列攻略文档ver1.03(原始网页)\BLACKSOULS
2026-05-16 18:22:34.281 [virtual-84] INFO  com.imagemanager.service.ImageServiceImpl - 扫描目录: E:\攻略\BS\BS系列攻略文档ver1.03(原始网页)\BLACKSOULS
2026-05-16 18:22:34.286 [virtual-84] DEBUG com.imagemanager.dao.ImageDaoImpl - 查询目录 34 下的图片: 共 1 张
2026-05-16 18:22:34.287 [virtual-84] DEBUG com.imagemanager.dao.ImageDaoImpl - 查询目录 34 下的图片: 共 1 张
2026-05-16 18:22:35.439 [JavaFX Application Thread] DEBUG com.imagemanager.service.MusicService - 音乐目录已存在: C:\Users\w1831/DIMS_Music
2026-05-16 18:22:41.176 [JavaFX Application Thread] INFO  com.imagemanager.service.MusicService - 开始播放音乐: C:\Users\w1831\DIMS_Music\轻松钢琴.mp3
2026-05-16 18:22:41.218 [JavaFX Application Thread] DEBUG com.imagemanager.service.MusicService - 音乐进入播放状态: 轻松钢琴
2026-05-16 18:22:41.472 [JavaFX Application Thread] INFO  com.imagemanager.service.MusicService - 暂停音乐: 轻松钢琴
2026-05-16 18:22:41.472 [JavaFX Application Thread] DEBUG com.imagemanager.service.MusicService - 音乐进入暂停状态: 轻松钢琴
2026-05-16 18:22:47.371 [JavaFX Application Thread] INFO  com.imagemanager.service.MusicService - 继续播放音乐: 轻松钢琴
2026-05-16 18:22:47.371 [JavaFX Application Thread] DEBUG com.imagemanager.service.MusicService - 音乐进入播放状态: 轻松钢琴
2026-05-16 18:22:49.271 [JavaFX Application Thread] INFO  com.imagemanager.service.MusicService - 暂停音乐: 轻松钢琴
2026-05-16 18:22:49.271 [JavaFX Application Thread] DEBUG com.imagemanager.service.MusicService - 音乐进入暂停状态: 轻松钢琴
2026-05-16 18:22:49.953 [JavaFX Application Thread] INFO  com.imagemanager.service.MusicService - 继续播放音乐: 轻松钢琴
2026-05-16 18:22:49.954 [JavaFX Application Thread] DEBUG com.imagemanager.service.MusicService - 音乐进入播放状态: 轻松钢琴
2026-05-16 18:22:51.264 [JavaFX Application Thread] INFO  com.imagemanager.service.MusicService - 暂停音乐: 轻松钢琴
2026-05-16 18:22:51.264 [JavaFX Application Thread] DEBUG com.imagemanager.service.MusicService - 音乐进入暂停状态: 轻松钢琴
2026-05-16 18:22:52.423 [JavaFX Application Thread] DEBUG com.imagemanager.service.MusicService - 音乐已停止
2026-05-16 18:22:52.441 [JavaFX Application Thread] INFO  com.imagemanager.service.MusicService - 开始播放音乐: C:\Users\w1831\DIMS_Music\柔和吉他.mp3
2026-05-16 18:22:52.471 [JavaFX Application Thread] DEBUG com.imagemanager.service.MusicService - 音乐进入播放状态: 柔和吉他
2026-05-16 18:22:52.821 [JavaFX Application Thread] INFO  com.imagemanager.service.MusicService - 暂停音乐: 柔和吉他
2026-05-16 18:22:52.822 [JavaFX Application Thread] DEBUG com.imagemanager.service.MusicService - 音乐进入暂停状态: 柔和吉他
2026-05-16 18:22:55.395 [JavaFX Application Thread] INFO  com.imagemanager.service.MusicService - 继续播放音乐: 柔和吉他
2026-05-16 18:22:55.395 [JavaFX Application Thread] DEBUG com.imagemanager.service.MusicService - 音乐进入播放状态: 柔和吉他
2026-05-16 18:22:57.206 [JavaFX Application Thread] DEBUG com.imagemanager.service.MusicService - 音乐已停止
2026-05-16 18:22:57.222 [JavaFX Application Thread] INFO  com.imagemanager.service.MusicService - 开始播放音乐: C:\Users\w1831\DIMS_Music\自然之声.mp3
2026-05-16 18:22:57.223 [JavaFX Application Thread] DEBUG com.imagemanager.service.MusicService - 音乐进入停止状态: 自然之声
2026-05-16 18:22:57.254 [JavaFX Application Thread] DEBUG com.imagemanager.service.MusicService - 音乐进入播放状态: 自然之声
2026-05-16 18:22:58.753 [JavaFX Application Thread] INFO  com.imagemanager.service.MusicService - 暂停音乐: 自然之声
2026-05-16 18:22:58.754 [JavaFX Application Thread] DEBUG com.imagemanager.service.MusicService - 音乐进入暂停状态: 自然之声
2026-05-16 18:22:59.429 [JavaFX Application Thread] INFO  com.imagemanager.service.MusicService - 继续播放音乐: 自然之声
2026-05-16 18:22:59.429 [JavaFX Application Thread] DEBUG com.imagemanager.service.MusicService - 音乐进入播放状态: 自然之声
2026-05-16 18:23:02.913 [JavaFX Application Thread] DEBUG com.imagemanager.service.MusicService - 音乐已停止
2026-05-16 18:23:02.928 [JavaFX Application Thread] INFO  com.imagemanager.service.MusicService - 开始播放音乐: C:\Users\w1831\DIMS_Music\柔和吉他.mp3
2026-05-16 18:23:02.934 [JavaFX Application Thread] DEBUG com.imagemanager.service.MusicService - 音乐进入停止状态: 柔和吉他
2026-05-16 18:23:02.954 [JavaFX Application Thread] DEBUG com.imagemanager.service.MusicService - 音乐进入播放状态: 柔和吉他
2026-05-16 18:23:08.246 [JavaFX Application Thread] INFO  com.imagemanager.controller.ImageEditorController - 编辑器已初始化: map.jpg
2026-05-16 18:23:21.987 [JavaFX Application Thread] INFO  com.imagemanager.controller.MainController - 选中目录: E:\攻略\BS\BS系列攻略文档ver1.03(原始网页)\BLACKSOULS
2026-05-16 18:23:21.987 [virtual-304] INFO  com.imagemanager.service.ImageServiceImpl - 扫描目录: E:\攻略\BS\BS系列攻略文档ver1.03(原始网页)\BLACKSOULS
2026-05-16 18:23:21.992 [virtual-304] DEBUG com.imagemanager.dao.ImageDaoImpl - 查询目录 34 下的图片: 共 1 张
2026-05-16 18:23:21.993 [virtual-304] DEBUG com.imagemanager.dao.ImageDaoImpl - 查询目录 34 下的图片: 共 1 张
2026-05-16 18:23:29.383 [JavaFX Application Thread] INFO  com.imagemanager.controller.MainController - 选中目录: E:\攻略\BS\BS系列攻略文档ver1.03(原始网页)\BLACKSOULS\.versions
2026-05-16 18:23:29.383 [virtual-323] INFO  com.imagemanager.service.ImageServiceImpl - 扫描目录: E:\攻略\BS\BS系列攻略文档ver1.03(原始网页)\BLACKSOULS\.versions
2026-05-16 18:23:29.387 [virtual-323] DEBUG com.imagemanager.dao.DirectoryDaoImpl - 创建目录记录: id=37, path=E:\攻略\BS\BS系列攻略文档ver1.03(原始网页)\BLACKSOULS\.versions
2026-05-16 18:23:29.389 [virtual-323] DEBUG com.imagemanager.dao.ImageDaoImpl - 查询目录 37 下的图片: 共 0 张
2026-05-16 18:23:29.434 [virtual-323] INFO  com.imagemanager.dao.ImageDaoImpl - 批量插入 1 张图片成功
2026-05-16 18:23:29.434 [virtual-323] INFO  com.imagemanager.service.ImageServiceImpl - 新增 1 张图片到数据库
2026-05-16 18:23:29.436 [virtual-323] DEBUG com.imagemanager.dao.ImageDaoImpl - 查询目录 37 下的图片: 共 1 张
2026-05-16 18:23:30.162 [JavaFX Application Thread] INFO  com.imagemanager.controller.MainController - 选中目录: E:\攻略\BS\BS系列攻略文档ver1.03(原始网页)
2026-05-16 18:23:30.162 [virtual-331] INFO  com.imagemanager.service.ImageServiceImpl - 扫描目录: E:\攻略\BS\BS系列攻略文档ver1.03(原始网页)
2026-05-16 18:23:30.166 [virtual-331] DEBUG com.imagemanager.dao.ImageDaoImpl - 查询目录 33 下的图片: 共 0 张
2026-05-16 18:23:30.166 [virtual-331] DEBUG com.imagemanager.dao.ImageDaoImpl - 查询目录 33 下的图片: 共 0 张
2026-05-16 18:23:30.654 [JavaFX Application Thread] INFO  com.imagemanager.controller.MainController - 选中目录: E:\攻略\BS\BS系列攻略文档ver1.03(原始网页)\BLACKSOULS
2026-05-16 18:23:30.654 [virtual-332] INFO  com.imagemanager.service.ImageServiceImpl - 扫描目录: E:\攻略\BS\BS系列攻略文档ver1.03(原始网页)\BLACKSOULS
2026-05-16 18:23:30.656 [virtual-332] DEBUG com.imagemanager.dao.ImageDaoImpl - 查询目录 34 下的图片: 共 1 张
2026-05-16 18:23:30.657 [virtual-332] DEBUG com.imagemanager.dao.ImageDaoImpl - 查询目录 34 下的图片: 共 1 张
2026-05-16 18:23:35.969 [JavaFX Application Thread] INFO  com.imagemanager.controller.MainController - 执行搜索: mode=KEYWORD, query=map
2026-05-16 18:23:35.970 [virtual-345] INFO  com.imagemanager.service.SearchService - 关键词搜索: map
2026-05-16 18:23:35.976 [virtual-345] ERROR com.imagemanager.dao.TagDaoImpl - 关键词搜索失败: keyword=map
org.postgresql.util.PSQLException: 错误: 关系 "v_image_search" 不存在
  位置：25
	at org.postgresql.core.v3.QueryExecutorImpl.receiveErrorResponse(QueryExecutorImpl.java:2733)
	at org.postgresql.core.v3.QueryExecutorImpl.processResults(QueryExecutorImpl.java:2420)
	at org.postgresql.core.v3.QueryExecutorImpl.execute(QueryExecutorImpl.java:372)
	at org.postgresql.jdbc.PgStatement.executeInternal(PgStatement.java:517)
	at org.postgresql.jdbc.PgStatement.execute(PgStatement.java:434)
	at org.postgresql.jdbc.PgPreparedStatement.executeWithFlags(PgPreparedStatement.java:194)
	at org.postgresql.jdbc.PgPreparedStatement.executeQuery(PgPreparedStatement.java:137)
	at com.zaxxer.hikari.pool.ProxyPreparedStatement.executeQuery(ProxyPreparedStatement.java:52)
	at com.zaxxer.hikari.pool.HikariProxyPreparedStatement.executeQuery(HikariProxyPreparedStatement.java)
	at com.imagemanager.dao.TagDaoImpl.searchImagesByKeyword(TagDaoImpl.java:286)
	at com.imagemanager.service.SearchService.searchByKeyword(SearchService.java:76)
	at com.imagemanager.service.SearchService.search(SearchService.java:65)
	at com.imagemanager.controller.MainController$2.call(MainController.java:819)
	at com.imagemanager.controller.MainController$2.call(MainController.java:816)
	at javafx.graphics@26/javafx.concurrent.Task$TaskCallable.call(Task.java:1407)
	at java.base/java.util.concurrent.FutureTask.run(FutureTask.java:330)
	at java.base/java.lang.VirtualThread.run(VirtualThread.java:475)
2026-05-16 18:23:35.979 [virtual-345] WARN  com.imagemanager.service.SearchService - 记录搜索历史失败
org.postgresql.util.PSQLException: 错误: 关系 "search_history" 不存在
  位置：13
	at org.postgresql.core.v3.QueryExecutorImpl.receiveErrorResponse(QueryExecutorImpl.java:2733)
	at org.postgresql.core.v3.QueryExecutorImpl.processResults(QueryExecutorImpl.java:2420)
	at org.postgresql.core.v3.QueryExecutorImpl.execute(QueryExecutorImpl.java:372)
	at org.postgresql.jdbc.PgStatement.executeInternal(PgStatement.java:517)
	at org.postgresql.jdbc.PgStatement.execute(PgStatement.java:434)
	at org.postgresql.jdbc.PgPreparedStatement.executeWithFlags(PgPreparedStatement.java:194)
	at org.postgresql.jdbc.PgPreparedStatement.executeUpdate(PgPreparedStatement.java:155)
	at com.zaxxer.hikari.pool.ProxyPreparedStatement.executeUpdate(ProxyPreparedStatement.java:61)
	at com.zaxxer.hikari.pool.HikariProxyPreparedStatement.executeUpdate(HikariProxyPreparedStatement.java)
	at com.imagemanager.service.SearchService.recordSearchHistory(SearchService.java:157)
	at com.imagemanager.service.SearchService.searchByKeyword(SearchService.java:80)
	at com.imagemanager.service.SearchService.search(SearchService.java:65)
	at com.imagemanager.controller.MainController$2.call(MainController.java:819)
	at com.imagemanager.controller.MainController$2.call(MainController.java:816)
	at javafx.graphics@26/javafx.concurrent.Task$TaskCallable.call(Task.java:1407)
	at java.base/java.util.concurrent.FutureTask.run(FutureTask.java:330)
	at java.base/java.lang.VirtualThread.run(VirtualThread.java:475)
2026-05-16 18:23:36.802 [JavaFX Application Thread] INFO  com.imagemanager.controller.MainController - 执行搜索: mode=KEYWORD, query=map
2026-05-16 18:23:36.803 [virtual-350] INFO  com.imagemanager.service.SearchService - 关键词搜索: map
2026-05-16 18:23:36.804 [virtual-350] ERROR com.imagemanager.dao.TagDaoImpl - 关键词搜索失败: keyword=map
org.postgresql.util.PSQLException: 错误: 关系 "v_image_search" 不存在
  位置：25
	at org.postgresql.core.v3.QueryExecutorImpl.receiveErrorResponse(QueryExecutorImpl.java:2733)
	at org.postgresql.core.v3.QueryExecutorImpl.processResults(QueryExecutorImpl.java:2420)
	at org.postgresql.core.v3.QueryExecutorImpl.execute(QueryExecutorImpl.java:372)
	at org.postgresql.jdbc.PgStatement.executeInternal(PgStatement.java:517)
	at org.postgresql.jdbc.PgStatement.execute(PgStatement.java:434)
	at org.postgresql.jdbc.PgPreparedStatement.executeWithFlags(PgPreparedStatement.java:194)
	at org.postgresql.jdbc.PgPreparedStatement.executeQuery(PgPreparedStatement.java:137)
	at com.zaxxer.hikari.pool.ProxyPreparedStatement.executeQuery(ProxyPreparedStatement.java:52)
	at com.zaxxer.hikari.pool.HikariProxyPreparedStatement.executeQuery(HikariProxyPreparedStatement.java)
	at com.imagemanager.dao.TagDaoImpl.searchImagesByKeyword(TagDaoImpl.java:286)
	at com.imagemanager.service.SearchService.searchByKeyword(SearchService.java:76)
	at com.imagemanager.service.SearchService.search(SearchService.java:65)
	at com.imagemanager.controller.MainController$2.call(MainController.java:819)
	at com.imagemanager.controller.MainController$2.call(MainController.java:816)
	at javafx.graphics@26/javafx.concurrent.Task$TaskCallable.call(Task.java:1407)
	at java.base/java.util.concurrent.FutureTask.run(FutureTask.java:330)
	at java.base/java.lang.VirtualThread.run(VirtualThread.java:475)
2026-05-16 18:23:36.804 [virtual-350] WARN  com.imagemanager.service.SearchService - 记录搜索历史失败
org.postgresql.util.PSQLException: 错误: 关系 "search_history" 不存在
  位置：13
	at org.postgresql.core.v3.QueryExecutorImpl.receiveErrorResponse(QueryExecutorImpl.java:2733)
	at org.postgresql.core.v3.QueryExecutorImpl.processResults(QueryExecutorImpl.java:2420)
	at org.postgresql.core.v3.QueryExecutorImpl.execute(QueryExecutorImpl.java:372)
	at org.postgresql.jdbc.PgStatement.executeInternal(PgStatement.java:517)
	at org.postgresql.jdbc.PgStatement.execute(PgStatement.java:434)
	at org.postgresql.jdbc.PgPreparedStatement.executeWithFlags(PgPreparedStatement.java:194)
	at org.postgresql.jdbc.PgPreparedStatement.executeUpdate(PgPreparedStatement.java:155)
	at com.zaxxer.hikari.pool.ProxyPreparedStatement.executeUpdate(ProxyPreparedStatement.java:61)
	at com.zaxxer.hikari.pool.HikariProxyPreparedStatement.executeUpdate(HikariProxyPreparedStatement.java)
	at com.imagemanager.service.SearchService.recordSearchHistory(SearchService.java:157)
	at com.imagemanager.service.SearchService.searchByKeyword(SearchService.java:80)
	at com.imagemanager.service.SearchService.search(SearchService.java:65)
	at com.imagemanager.controller.MainController$2.call(MainController.java:819)
	at com.imagemanager.controller.MainController$2.call(MainController.java:816)
	at javafx.graphics@26/javafx.concurrent.Task$TaskCallable.call(Task.java:1407)
	at java.base/java.util.concurrent.FutureTask.run(FutureTask.java:330)
	at java.base/java.lang.VirtualThread.run(VirtualThread.java:475)
2026-05-16 18:24:32.982 [JavaFX Application Thread] INFO  com.imagemanager.controller.MainController - 执行搜索: mode=KEYWORD, query=map
2026-05-16 18:24:32.983 [virtual-487] INFO  com.imagemanager.service.SearchService - 关键词搜索: map
2026-05-16 18:24:32.985 [virtual-487] ERROR com.imagemanager.dao.TagDaoImpl - 关键词搜索失败: keyword=map
org.postgresql.util.PSQLException: 错误: 关系 "v_image_search" 不存在
  位置：25
	at org.postgresql.core.v3.QueryExecutorImpl.receiveErrorResponse(QueryExecutorImpl.java:2733)
	at org.postgresql.core.v3.QueryExecutorImpl.processResults(QueryExecutorImpl.java:2420)
	at org.postgresql.core.v3.QueryExecutorImpl.execute(QueryExecutorImpl.java:372)
	at org.postgresql.jdbc.PgStatement.executeInternal(PgStatement.java:517)
	at org.postgresql.jdbc.PgStatement.execute(PgStatement.java:434)
	at org.postgresql.jdbc.PgPreparedStatement.executeWithFlags(PgPreparedStatement.java:194)
	at org.postgresql.jdbc.PgPreparedStatement.executeQuery(PgPreparedStatement.java:137)
	at com.zaxxer.hikari.pool.ProxyPreparedStatement.executeQuery(ProxyPreparedStatement.java:52)
	at com.zaxxer.hikari.pool.HikariProxyPreparedStatement.executeQuery(HikariProxyPreparedStatement.java)
	at com.imagemanager.dao.TagDaoImpl.searchImagesByKeyword(TagDaoImpl.java:286)
	at com.imagemanager.service.SearchService.searchByKeyword(SearchService.java:76)
	at com.imagemanager.service.SearchService.search(SearchService.java:65)
	at com.imagemanager.controller.MainController$2.call(MainController.java:819)
	at com.imagemanager.controller.MainController$2.call(MainController.java:816)
	at javafx.graphics@26/javafx.concurrent.Task$TaskCallable.call(Task.java:1407)
	at java.base/java.util.concurrent.FutureTask.run(FutureTask.java:330)
	at java.base/java.lang.VirtualThread.run(VirtualThread.java:475)
2026-05-16 18:24:32.985 [virtual-487] WARN  com.imagemanager.service.SearchService - 记录搜索历史失败
org.postgresql.util.PSQLException: 错误: 关系 "search_history" 不存在
  位置：13
	at org.postgresql.core.v3.QueryExecutorImpl.receiveErrorResponse(QueryExecutorImpl.java:2733)
	at org.postgresql.core.v3.QueryExecutorImpl.processResults(QueryExecutorImpl.java:2420)
	at org.postgresql.core.v3.QueryExecutorImpl.execute(QueryExecutorImpl.java:372)
	at org.postgresql.jdbc.PgStatement.executeInternal(PgStatement.java:517)
	at org.postgresql.jdbc.PgStatement.execute(PgStatement.java:434)
	at org.postgresql.jdbc.PgPreparedStatement.executeWithFlags(PgPreparedStatement.java:194)
	at org.postgresql.jdbc.PgPreparedStatement.executeUpdate(PgPreparedStatement.java:155)
	at com.zaxxer.hikari.pool.ProxyPreparedStatement.executeUpdate(ProxyPreparedStatement.java:61)
	at com.zaxxer.hikari.pool.HikariProxyPreparedStatement.executeUpdate(HikariProxyPreparedStatement.java)
	at com.imagemanager.service.SearchService.recordSearchHistory(SearchService.java:157)
	at com.imagemanager.service.SearchService.searchByKeyword(SearchService.java:80)
	at com.imagemanager.service.SearchService.search(SearchService.java:65)
	at com.imagemanager.controller.MainController$2.call(MainController.java:819)
	at com.imagemanager.controller.MainController$2.call(MainController.java:816)
	at javafx.graphics@26/javafx.concurrent.Task$TaskCallable.call(Task.java:1407)
	at java.base/java.util.concurrent.FutureTask.run(FutureTask.java:330)
	at java.base/java.lang.VirtualThread.run(VirtualThread.java:475)
2026-05-16 18:24:33.111 [JavaFX Application Thread] INFO  com.imagemanager.controller.MainController - 执行搜索: mode=KEYWORD, query=map
2026-05-16 18:24:33.111 [virtual-494] INFO  com.imagemanager.service.SearchService - 关键词搜索: map
2026-05-16 18:24:33.112 [virtual-494] ERROR com.imagemanager.dao.TagDaoImpl - 关键词搜索失败: keyword=map
org.postgresql.util.PSQLException: 错误: 关系 "v_image_search" 不存在
  位置：25
	at org.postgresql.core.v3.QueryExecutorImpl.receiveErrorResponse(QueryExecutorImpl.java:2733)
	at org.postgresql.core.v3.QueryExecutorImpl.processResults(QueryExecutorImpl.java:2420)
	at org.postgresql.core.v3.QueryExecutorImpl.execute(QueryExecutorImpl.java:372)
	at org.postgresql.jdbc.PgStatement.executeInternal(PgStatement.java:517)
	at org.postgresql.jdbc.PgStatement.execute(PgStatement.java:434)
	at org.postgresql.jdbc.PgPreparedStatement.executeWithFlags(PgPreparedStatement.java:194)
	at org.postgresql.jdbc.PgPreparedStatement.executeQuery(PgPreparedStatement.java:137)
	at com.zaxxer.hikari.pool.ProxyPreparedStatement.executeQuery(ProxyPreparedStatement.java:52)
	at com.zaxxer.hikari.pool.HikariProxyPreparedStatement.executeQuery(HikariProxyPreparedStatement.java)
	at com.imagemanager.dao.TagDaoImpl.searchImagesByKeyword(TagDaoImpl.java:286)
	at com.imagemanager.service.SearchService.searchByKeyword(SearchService.java:76)
	at com.imagemanager.service.SearchService.search(SearchService.java:65)
	at com.imagemanager.controller.MainController$2.call(MainController.java:819)
	at com.imagemanager.controller.MainController$2.call(MainController.java:816)
	at javafx.graphics@26/javafx.concurrent.Task$TaskCallable.call(Task.java:1407)
	at java.base/java.util.concurrent.FutureTask.run(FutureTask.java:330)
	at java.base/java.lang.VirtualThread.run(VirtualThread.java:475)
2026-05-16 18:24:33.113 [virtual-494] WARN  com.imagemanager.service.SearchService - 记录搜索历史失败
org.postgresql.util.PSQLException: 错误: 关系 "search_history" 不存在
  位置：13
	at org.postgresql.core.v3.QueryExecutorImpl.receiveErrorResponse(QueryExecutorImpl.java:2733)
	at org.postgresql.core.v3.QueryExecutorImpl.processResults(QueryExecutorImpl.java:2420)
	at org.postgresql.core.v3.QueryExecutorImpl.execute(QueryExecutorImpl.java:372)
	at org.postgresql.jdbc.PgStatement.executeInternal(PgStatement.java:517)
	at org.postgresql.jdbc.PgStatement.execute(PgStatement.java:434)
	at org.postgresql.jdbc.PgPreparedStatement.executeWithFlags(PgPreparedStatement.java:194)
	at org.postgresql.jdbc.PgPreparedStatement.executeUpdate(PgPreparedStatement.java:155)
	at com.zaxxer.hikari.pool.ProxyPreparedStatement.executeUpdate(ProxyPreparedStatement.java:61)
	at com.zaxxer.hikari.pool.HikariProxyPreparedStatement.executeUpdate(HikariProxyPreparedStatement.java)
	at com.imagemanager.service.SearchService.recordSearchHistory(SearchService.java:157)
	at com.imagemanager.service.SearchService.searchByKeyword(SearchService.java:80)
	at com.imagemanager.service.SearchService.search(SearchService.java:65)
	at com.imagemanager.controller.MainController$2.call(MainController.java:819)
	at com.imagemanager.controller.MainController$2.call(MainController.java:816)
	at javafx.graphics@26/javafx.concurrent.Task$TaskCallable.call(Task.java:1407)
	at java.base/java.util.concurrent.FutureTask.run(FutureTask.java:330)
	at java.base/java.lang.VirtualThread.run(VirtualThread.java:475)
2026-05-16 18:24:33.249 [JavaFX Application Thread] INFO  com.imagemanager.controller.MainController - 执行搜索: mode=KEYWORD, query=map
2026-05-16 18:24:33.249 [virtual-495] INFO  com.imagemanager.service.SearchService - 关键词搜索: map
2026-05-16 18:24:33.250 [virtual-495] ERROR com.imagemanager.dao.TagDaoImpl - 关键词搜索失败: keyword=map
org.postgresql.util.PSQLException: 错误: 关系 "v_image_search" 不存在
  位置：25
	at org.postgresql.core.v3.QueryExecutorImpl.receiveErrorResponse(QueryExecutorImpl.java:2733)
	at org.postgresql.core.v3.QueryExecutorImpl.processResults(QueryExecutorImpl.java:2420)
	at org.postgresql.core.v3.QueryExecutorImpl.execute(QueryExecutorImpl.java:372)
	at org.postgresql.jdbc.PgStatement.executeInternal(PgStatement.java:517)
	at org.postgresql.jdbc.PgStatement.execute(PgStatement.java:434)
	at org.postgresql.jdbc.PgPreparedStatement.executeWithFlags(PgPreparedStatement.java:194)
	at org.postgresql.jdbc.PgPreparedStatement.executeQuery(PgPreparedStatement.java:137)
	at com.zaxxer.hikari.pool.ProxyPreparedStatement.executeQuery(ProxyPreparedStatement.java:52)
	at com.zaxxer.hikari.pool.HikariProxyPreparedStatement.executeQuery(HikariProxyPreparedStatement.java)
	at com.imagemanager.dao.TagDaoImpl.searchImagesByKeyword(TagDaoImpl.java:286)
	at com.imagemanager.service.SearchService.searchByKeyword(SearchService.java:76)
	at com.imagemanager.service.SearchService.search(SearchService.java:65)
	at com.imagemanager.controller.MainController$2.call(MainController.java:819)
	at com.imagemanager.controller.MainController$2.call(MainController.java:816)
	at javafx.graphics@26/javafx.concurrent.Task$TaskCallable.call(Task.java:1407)
	at java.base/java.util.concurrent.FutureTask.run(FutureTask.java:330)
	at java.base/java.lang.VirtualThread.run(VirtualThread.java:475)
2026-05-16 18:24:33.251 [virtual-495] WARN  com.imagemanager.service.SearchService - 记录搜索历史失败
org.postgresql.util.PSQLException: 错误: 关系 "search_history" 不存在
  位置：13
	at org.postgresql.core.v3.QueryExecutorImpl.receiveErrorResponse(QueryExecutorImpl.java:2733)
	at org.postgresql.core.v3.QueryExecutorImpl.processResults(QueryExecutorImpl.java:2420)
	at org.postgresql.core.v3.QueryExecutorImpl.execute(QueryExecutorImpl.java:372)
	at org.postgresql.jdbc.PgStatement.executeInternal(PgStatement.java:517)
	at org.postgresql.jdbc.PgStatement.execute(PgStatement.java:434)
	at org.postgresql.jdbc.PgPreparedStatement.executeWithFlags(PgPreparedStatement.java:194)
	at org.postgresql.jdbc.PgPreparedStatement.executeUpdate(PgPreparedStatement.java:155)
	at com.zaxxer.hikari.pool.ProxyPreparedStatement.executeUpdate(ProxyPreparedStatement.java:61)
	at com.zaxxer.hikari.pool.HikariProxyPreparedStatement.executeUpdate(HikariProxyPreparedStatement.java)
	at com.imagemanager.service.SearchService.recordSearchHistory(SearchService.java:157)
	at com.imagemanager.service.SearchService.searchByKeyword(SearchService.java:80)
	at com.imagemanager.service.SearchService.search(SearchService.java:65)
	at com.imagemanager.controller.MainController$2.call(MainController.java:819)
	at com.imagemanager.controller.MainController$2.call(MainController.java:816)
	at javafx.graphics@26/javafx.concurrent.Task$TaskCallable.call(Task.java:1407)
	at java.base/java.util.concurrent.FutureTask.run(FutureTask.java:330)
	at java.base/java.lang.VirtualThread.run(VirtualThread.java:475)
2026-05-16 18:24:33.342 [JavaFX Application Thread] INFO  com.imagemanager.controller.MainController - 执行搜索: mode=KEYWORD, query=map
2026-05-16 18:24:33.343 [virtual-496] INFO  com.imagemanager.service.SearchService - 关键词搜索: map
2026-05-16 18:24:33.343 [virtual-496] ERROR com.imagemanager.dao.TagDaoImpl - 关键词搜索失败: keyword=map
org.postgresql.util.PSQLException: 错误: 关系 "v_image_search" 不存在
  位置：25
	at org.postgresql.core.v3.QueryExecutorImpl.receiveErrorResponse(QueryExecutorImpl.java:2733)
	at org.postgresql.core.v3.QueryExecutorImpl.processResults(QueryExecutorImpl.java:2420)
	at org.postgresql.core.v3.QueryExecutorImpl.execute(QueryExecutorImpl.java:372)
	at org.postgresql.jdbc.PgStatement.executeInternal(PgStatement.java:517)
	at org.postgresql.jdbc.PgStatement.execute(PgStatement.java:434)
	at org.postgresql.jdbc.PgPreparedStatement.executeWithFlags(PgPreparedStatement.java:194)
	at org.postgresql.jdbc.PgPreparedStatement.executeQuery(PgPreparedStatement.java:137)
	at com.zaxxer.hikari.pool.ProxyPreparedStatement.executeQuery(ProxyPreparedStatement.java:52)
	at com.zaxxer.hikari.pool.HikariProxyPreparedStatement.executeQuery(HikariProxyPreparedStatement.java)
	at com.imagemanager.dao.TagDaoImpl.searchImagesByKeyword(TagDaoImpl.java:286)
	at com.imagemanager.service.SearchService.searchByKeyword(SearchService.java:76)
	at com.imagemanager.service.SearchService.search(SearchService.java:65)
	at com.imagemanager.controller.MainController$2.call(MainController.java:819)
	at com.imagemanager.controller.MainController$2.call(MainController.java:816)
	at javafx.graphics@26/javafx.concurrent.Task$TaskCallable.call(Task.java:1407)
	at java.base/java.util.concurrent.FutureTask.run(FutureTask.java:330)
	at java.base/java.lang.VirtualThread.run(VirtualThread.java:475)
2026-05-16 18:24:33.344 [virtual-496] WARN  com.imagemanager.service.SearchService - 记录搜索历史失败
org.postgresql.util.PSQLException: 错误: 关系 "search_history" 不存在
  位置：13
	at org.postgresql.core.v3.QueryExecutorImpl.receiveErrorResponse(QueryExecutorImpl.java:2733)
	at org.postgresql.core.v3.QueryExecutorImpl.processResults(QueryExecutorImpl.java:2420)
	at org.postgresql.core.v3.QueryExecutorImpl.execute(QueryExecutorImpl.java:372)
	at org.postgresql.jdbc.PgStatement.executeInternal(PgStatement.java:517)
	at org.postgresql.jdbc.PgStatement.execute(PgStatement.java:434)
	at org.postgresql.jdbc.PgPreparedStatement.executeWithFlags(PgPreparedStatement.java:194)
	at org.postgresql.jdbc.PgPreparedStatement.executeUpdate(PgPreparedStatement.java:155)
	at com.zaxxer.hikari.pool.ProxyPreparedStatement.executeUpdate(ProxyPreparedStatement.java:61)
	at com.zaxxer.hikari.pool.HikariProxyPreparedStatement.executeUpdate(HikariProxyPreparedStatement.java)
	at com.imagemanager.service.SearchService.recordSearchHistory(SearchService.java:157)
	at com.imagemanager.service.SearchService.searchByKeyword(SearchService.java:80)
	at com.imagemanager.service.SearchService.search(SearchService.java:65)
	at com.imagemanager.controller.MainController$2.call(MainController.java:819)
	at com.imagemanager.controller.MainController$2.call(MainController.java:816)
	at javafx.graphics@26/javafx.concurrent.Task$TaskCallable.call(Task.java:1407)
	at java.base/java.util.concurrent.FutureTask.run(FutureTask.java:330)
	at java.base/java.lang.VirtualThread.run(VirtualThread.java:475)
2026-05-16 18:24:33.447 [JavaFX Application Thread] INFO  com.imagemanager.controller.MainController - 执行搜索: mode=KEYWORD, query=map
2026-05-16 18:24:33.447 [virtual-497] INFO  com.imagemanager.service.SearchService - 关键词搜索: map
2026-05-16 18:24:33.447 [virtual-497] ERROR com.imagemanager.dao.TagDaoImpl - 关键词搜索失败: keyword=map
org.postgresql.util.PSQLException: 错误: 关系 "v_image_search" 不存在
  位置：25
	at org.postgresql.core.v3.QueryExecutorImpl.receiveErrorResponse(QueryExecutorImpl.java:2733)
	at org.postgresql.core.v3.QueryExecutorImpl.processResults(QueryExecutorImpl.java:2420)
	at org.postgresql.core.v3.QueryExecutorImpl.execute(QueryExecutorImpl.java:372)
	at org.postgresql.jdbc.PgStatement.executeInternal(PgStatement.java:517)
	at org.postgresql.jdbc.PgStatement.execute(PgStatement.java:434)
	at org.postgresql.jdbc.PgPreparedStatement.executeWithFlags(PgPreparedStatement.java:194)
	at org.postgresql.jdbc.PgPreparedStatement.executeQuery(PgPreparedStatement.java:137)
	at com.zaxxer.hikari.pool.ProxyPreparedStatement.executeQuery(ProxyPreparedStatement.java:52)
	at com.zaxxer.hikari.pool.HikariProxyPreparedStatement.executeQuery(HikariProxyPreparedStatement.java)
	at com.imagemanager.dao.TagDaoImpl.searchImagesByKeyword(TagDaoImpl.java:286)
	at com.imagemanager.service.SearchService.searchByKeyword(SearchService.java:76)
	at com.imagemanager.service.SearchService.search(SearchService.java:65)
	at com.imagemanager.controller.MainController$2.call(MainController.java:819)
	at com.imagemanager.controller.MainController$2.call(MainController.java:816)
	at javafx.graphics@26/javafx.concurrent.Task$TaskCallable.call(Task.java:1407)
	at java.base/java.util.concurrent.FutureTask.run(FutureTask.java:330)
	at java.base/java.lang.VirtualThread.run(VirtualThread.java:475)
2026-05-16 18:24:33.449 [virtual-497] WARN  com.imagemanager.service.SearchService - 记录搜索历史失败
org.postgresql.util.PSQLException: 错误: 关系 "search_history" 不存在
  位置：13
	at org.postgresql.core.v3.QueryExecutorImpl.receiveErrorResponse(QueryExecutorImpl.java:2733)
	at org.postgresql.core.v3.QueryExecutorImpl.processResults(QueryExecutorImpl.java:2420)
	at org.postgresql.core.v3.QueryExecutorImpl.execute(QueryExecutorImpl.java:372)
	at org.postgresql.jdbc.PgStatement.executeInternal(PgStatement.java:517)
	at org.postgresql.jdbc.PgStatement.execute(PgStatement.java:434)
	at org.postgresql.jdbc.PgPreparedStatement.executeWithFlags(PgPreparedStatement.java:194)
	at org.postgresql.jdbc.PgPreparedStatement.executeUpdate(PgPreparedStatement.java:155)
	at com.zaxxer.hikari.pool.ProxyPreparedStatement.executeUpdate(ProxyPreparedStatement.java:61)
	at com.zaxxer.hikari.pool.HikariProxyPreparedStatement.executeUpdate(HikariProxyPreparedStatement.java)
	at com.imagemanager.service.SearchService.recordSearchHistory(SearchService.java:157)
	at com.imagemanager.service.SearchService.searchByKeyword(SearchService.java:80)
	at com.imagemanager.service.SearchService.search(SearchService.java:65)
	at com.imagemanager.controller.MainController$2.call(MainController.java:819)
	at com.imagemanager.controller.MainController$2.call(MainController.java:816)
	at javafx.graphics@26/javafx.concurrent.Task$TaskCallable.call(Task.java:1407)
	at java.base/java.util.concurrent.FutureTask.run(FutureTask.java:330)
	at java.base/java.lang.VirtualThread.run(VirtualThread.java:475)
2026-05-16 18:24:33.544 [JavaFX Application Thread] INFO  com.imagemanager.controller.MainController - 执行搜索: mode=KEYWORD, query=map
2026-05-16 18:24:33.544 [virtual-498] INFO  com.imagemanager.service.SearchService - 关键词搜索: map
2026-05-16 18:24:33.545 [virtual-498] ERROR com.imagemanager.dao.TagDaoImpl - 关键词搜索失败: keyword=map
org.postgresql.util.PSQLException: 错误: 关系 "v_image_search" 不存在
  位置：25
	at org.postgresql.core.v3.QueryExecutorImpl.receiveErrorResponse(QueryExecutorImpl.java:2733)
	at org.postgresql.core.v3.QueryExecutorImpl.processResults(QueryExecutorImpl.java:2420)
	at org.postgresql.core.v3.QueryExecutorImpl.execute(QueryExecutorImpl.java:372)
	at org.postgresql.jdbc.PgStatement.executeInternal(PgStatement.java:517)
	at org.postgresql.jdbc.PgStatement.execute(PgStatement.java:434)
	at org.postgresql.jdbc.PgPreparedStatement.executeWithFlags(PgPreparedStatement.java:194)
	at org.postgresql.jdbc.PgPreparedStatement.executeQuery(PgPreparedStatement.java:137)
	at com.zaxxer.hikari.pool.ProxyPreparedStatement.executeQuery(ProxyPreparedStatement.java:52)
	at com.zaxxer.hikari.pool.HikariProxyPreparedStatement.executeQuery(HikariProxyPreparedStatement.java)
	at com.imagemanager.dao.TagDaoImpl.searchImagesByKeyword(TagDaoImpl.java:286)
	at com.imagemanager.service.SearchService.searchByKeyword(SearchService.java:76)
	at com.imagemanager.service.SearchService.search(SearchService.java:65)
	at com.imagemanager.controller.MainController$2.call(MainController.java:819)
	at com.imagemanager.controller.MainController$2.call(MainController.java:816)
	at javafx.graphics@26/javafx.concurrent.Task$TaskCallable.call(Task.java:1407)
	at java.base/java.util.concurrent.FutureTask.run(FutureTask.java:330)
	at java.base/java.lang.VirtualThread.run(VirtualThread.java:475)
2026-05-16 18:24:33.546 [virtual-498] WARN  com.imagemanager.service.SearchService - 记录搜索历史失败
org.postgresql.util.PSQLException: 错误: 关系 "search_history" 不存在
  位置：13
	at org.postgresql.core.v3.QueryExecutorImpl.receiveErrorResponse(QueryExecutorImpl.java:2733)
	at org.postgresql.core.v3.QueryExecutorImpl.processResults(QueryExecutorImpl.java:2420)
	at org.postgresql.core.v3.QueryExecutorImpl.execute(QueryExecutorImpl.java:372)
	at org.postgresql.jdbc.PgStatement.executeInternal(PgStatement.java:517)
	at org.postgresql.jdbc.PgStatement.execute(PgStatement.java:434)
	at org.postgresql.jdbc.PgPreparedStatement.executeWithFlags(PgPreparedStatement.java:194)
	at org.postgresql.jdbc.PgPreparedStatement.executeUpdate(PgPreparedStatement.java:155)
	at com.zaxxer.hikari.pool.ProxyPreparedStatement.executeUpdate(ProxyPreparedStatement.java:61)
	at com.zaxxer.hikari.pool.HikariProxyPreparedStatement.executeUpdate(HikariProxyPreparedStatement.java)
	at com.imagemanager.service.SearchService.recordSearchHistory(SearchService.java:157)
	at com.imagemanager.service.SearchService.searchByKeyword(SearchService.java:80)
	at com.imagemanager.service.SearchService.search(SearchService.java:65)
	at com.imagemanager.controller.MainController$2.call(MainController.java:819)
	at com.imagemanager.controller.MainController$2.call(MainController.java:816)
	at javafx.graphics@26/javafx.concurrent.Task$TaskCallable.call(Task.java:1407)
	at java.base/java.util.concurrent.FutureTask.run(FutureTask.java:330)
	at java.base/java.lang.VirtualThread.run(VirtualThread.java:475)
2026-05-16 18:24:33.737 [JavaFX Application Thread] INFO  com.imagemanager.controller.MainController - 执行搜索: mode=KEYWORD, query=map
2026-05-16 18:24:33.738 [virtual-499] INFO  com.imagemanager.service.SearchService - 关键词搜索: map
2026-05-16 18:24:33.739 [virtual-499] ERROR com.imagemanager.dao.TagDaoImpl - 关键词搜索失败: keyword=map
org.postgresql.util.PSQLException: 错误: 关系 "v_image_search" 不存在
  位置：25
	at org.postgresql.core.v3.QueryExecutorImpl.receiveErrorResponse(QueryExecutorImpl.java:2733)
	at org.postgresql.core.v3.QueryExecutorImpl.processResults(QueryExecutorImpl.java:2420)
	at org.postgresql.core.v3.QueryExecutorImpl.execute(QueryExecutorImpl.java:372)
	at org.postgresql.jdbc.PgStatement.executeInternal(PgStatement.java:517)
	at org.postgresql.jdbc.PgStatement.execute(PgStatement.java:434)
	at org.postgresql.jdbc.PgPreparedStatement.executeWithFlags(PgPreparedStatement.java:194)
	at org.postgresql.jdbc.PgPreparedStatement.executeQuery(PgPreparedStatement.java:137)
	at com.zaxxer.hikari.pool.ProxyPreparedStatement.executeQuery(ProxyPreparedStatement.java:52)
	at com.zaxxer.hikari.pool.HikariProxyPreparedStatement.executeQuery(HikariProxyPreparedStatement.java)
	at com.imagemanager.dao.TagDaoImpl.searchImagesByKeyword(TagDaoImpl.java:286)
	at com.imagemanager.service.SearchService.searchByKeyword(SearchService.java:76)
	at com.imagemanager.service.SearchService.search(SearchService.java:65)
	at com.imagemanager.controller.MainController$2.call(MainController.java:819)
	at com.imagemanager.controller.MainController$2.call(MainController.java:816)
	at javafx.graphics@26/javafx.concurrent.Task$TaskCallable.call(Task.java:1407)
	at java.base/java.util.concurrent.FutureTask.run(FutureTask.java:330)
	at java.base/java.lang.VirtualThread.run(VirtualThread.java:475)
2026-05-16 18:24:33.740 [virtual-499] WARN  com.imagemanager.service.SearchService - 记录搜索历史失败
org.postgresql.util.PSQLException: 错误: 关系 "search_history" 不存在
  位置：13
	at org.postgresql.core.v3.QueryExecutorImpl.receiveErrorResponse(QueryExecutorImpl.java:2733)
	at org.postgresql.core.v3.QueryExecutorImpl.processResults(QueryExecutorImpl.java:2420)
	at org.postgresql.core.v3.QueryExecutorImpl.execute(QueryExecutorImpl.java:372)
	at org.postgresql.jdbc.PgStatement.executeInternal(PgStatement.java:517)
	at org.postgresql.jdbc.PgStatement.execute(PgStatement.java:434)
	at org.postgresql.jdbc.PgPreparedStatement.executeWithFlags(PgPreparedStatement.java:194)
	at org.postgresql.jdbc.PgPreparedStatement.executeUpdate(PgPreparedStatement.java:155)
	at com.zaxxer.hikari.pool.ProxyPreparedStatement.executeUpdate(ProxyPreparedStatement.java:61)
	at com.zaxxer.hikari.pool.HikariProxyPreparedStatement.executeUpdate(HikariProxyPreparedStatement.java)
	at com.imagemanager.service.SearchService.recordSearchHistory(SearchService.java:157)
	at com.imagemanager.service.SearchService.searchByKeyword(SearchService.java:80)
	at com.imagemanager.service.SearchService.search(SearchService.java:65)
	at com.imagemanager.controller.MainController$2.call(MainController.java:819)
	at com.imagemanager.controller.MainController$2.call(MainController.java:816)
	at javafx.graphics@26/javafx.concurrent.Task$TaskCallable.call(Task.java:1407)
	at java.base/java.util.concurrent.FutureTask.run(FutureTask.java:330)
	at java.base/java.lang.VirtualThread.run(VirtualThread.java:475)
2026-05-16 18:24:34.034 [JavaFX Application Thread] INFO  com.imagemanager.controller.MainController - 执行搜索: mode=KEYWORD, query=map
2026-05-16 18:24:34.034 [virtual-500] INFO  com.imagemanager.service.SearchService - 关键词搜索: map
2026-05-16 18:24:34.035 [virtual-500] ERROR com.imagemanager.dao.TagDaoImpl - 关键词搜索失败: keyword=map
org.postgresql.util.PSQLException: 错误: 关系 "v_image_search" 不存在
  位置：25
	at org.postgresql.core.v3.QueryExecutorImpl.receiveErrorResponse(QueryExecutorImpl.java:2733)
	at org.postgresql.core.v3.QueryExecutorImpl.processResults(QueryExecutorImpl.java:2420)
	at org.postgresql.core.v3.QueryExecutorImpl.execute(QueryExecutorImpl.java:372)
	at org.postgresql.jdbc.PgStatement.executeInternal(PgStatement.java:517)
	at org.postgresql.jdbc.PgStatement.execute(PgStatement.java:434)
	at org.postgresql.jdbc.PgPreparedStatement.executeWithFlags(PgPreparedStatement.java:194)
	at org.postgresql.jdbc.PgPreparedStatement.executeQuery(PgPreparedStatement.java:137)
	at com.zaxxer.hikari.pool.ProxyPreparedStatement.executeQuery(ProxyPreparedStatement.java:52)
	at com.zaxxer.hikari.pool.HikariProxyPreparedStatement.executeQuery(HikariProxyPreparedStatement.java)
	at com.imagemanager.dao.TagDaoImpl.searchImagesByKeyword(TagDaoImpl.java:286)
	at com.imagemanager.service.SearchService.searchByKeyword(SearchService.java:76)
	at com.imagemanager.service.SearchService.search(SearchService.java:65)
	at com.imagemanager.controller.MainController$2.call(MainController.java:819)
	at com.imagemanager.controller.MainController$2.call(MainController.java:816)
	at javafx.graphics@26/javafx.concurrent.Task$TaskCallable.call(Task.java:1407)
	at java.base/java.util.concurrent.FutureTask.run(FutureTask.java:330)
	at java.base/java.lang.VirtualThread.run(VirtualThread.java:475)
2026-05-16 18:24:34.035 [virtual-500] WARN  com.imagemanager.service.SearchService - 记录搜索历史失败
org.postgresql.util.PSQLException: 错误: 关系 "search_history" 不存在
  位置：13
	at org.postgresql.core.v3.QueryExecutorImpl.receiveErrorResponse(QueryExecutorImpl.java:2733)
	at org.postgresql.core.v3.QueryExecutorImpl.processResults(QueryExecutorImpl.java:2420)
	at org.postgresql.core.v3.QueryExecutorImpl.execute(QueryExecutorImpl.java:372)
	at org.postgresql.jdbc.PgStatement.executeInternal(PgStatement.java:517)
	at org.postgresql.jdbc.PgStatement.execute(PgStatement.java:434)
	at org.postgresql.jdbc.PgPreparedStatement.executeWithFlags(PgPreparedStatement.java:194)
	at org.postgresql.jdbc.PgPreparedStatement.executeUpdate(PgPreparedStatement.java:155)
	at com.zaxxer.hikari.pool.ProxyPreparedStatement.executeUpdate(ProxyPreparedStatement.java:61)
	at com.zaxxer.hikari.pool.HikariProxyPreparedStatement.executeUpdate(HikariProxyPreparedStatement.java)
	at com.imagemanager.service.SearchService.recordSearchHistory(SearchService.java:157)
	at com.imagemanager.service.SearchService.searchByKeyword(SearchService.java:80)
	at com.imagemanager.service.SearchService.search(SearchService.java:65)
	at com.imagemanager.controller.MainController$2.call(MainController.java:819)
	at com.imagemanager.controller.MainController$2.call(MainController.java:816)
	at javafx.graphics@26/javafx.concurrent.Task$TaskCallable.call(Task.java:1407)
	at java.base/java.util.concurrent.FutureTask.run(FutureTask.java:330)
	at java.base/java.lang.VirtualThread.run(VirtualThread.java:475)
2026-05-16 18:24:34.114 [JavaFX Application Thread] INFO  com.imagemanager.controller.MainController - 执行搜索: mode=KEYWORD, query=map
2026-05-16 18:24:34.114 [virtual-501] INFO  com.imagemanager.service.SearchService - 关键词搜索: map
2026-05-16 18:24:34.115 [virtual-501] ERROR com.imagemanager.dao.TagDaoImpl - 关键词搜索失败: keyword=map
org.postgresql.util.PSQLException: 错误: 关系 "v_image_search" 不存在
  位置：25
	at org.postgresql.core.v3.QueryExecutorImpl.receiveErrorResponse(QueryExecutorImpl.java:2733)
	at org.postgresql.core.v3.QueryExecutorImpl.processResults(QueryExecutorImpl.java:2420)
	at org.postgresql.core.v3.QueryExecutorImpl.execute(QueryExecutorImpl.java:372)
	at org.postgresql.jdbc.PgStatement.executeInternal(PgStatement.java:517)
	at org.postgresql.jdbc.PgStatement.execute(PgStatement.java:434)
	at org.postgresql.jdbc.PgPreparedStatement.executeWithFlags(PgPreparedStatement.java:194)
	at org.postgresql.jdbc.PgPreparedStatement.executeQuery(PgPreparedStatement.java:137)
	at com.zaxxer.hikari.pool.ProxyPreparedStatement.executeQuery(ProxyPreparedStatement.java:52)
	at com.zaxxer.hikari.pool.HikariProxyPreparedStatement.executeQuery(HikariProxyPreparedStatement.java)
	at com.imagemanager.dao.TagDaoImpl.searchImagesByKeyword(TagDaoImpl.java:286)
	at com.imagemanager.service.SearchService.searchByKeyword(SearchService.java:76)
	at com.imagemanager.service.SearchService.search(SearchService.java:65)
	at com.imagemanager.controller.MainController$2.call(MainController.java:819)
	at com.imagemanager.controller.MainController$2.call(MainController.java:816)
	at javafx.graphics@26/javafx.concurrent.Task$TaskCallable.call(Task.java:1407)
	at java.base/java.util.concurrent.FutureTask.run(FutureTask.java:330)
	at java.base/java.lang.VirtualThread.run(VirtualThread.java:475)
2026-05-16 18:24:34.115 [virtual-501] WARN  com.imagemanager.service.SearchService - 记录搜索历史失败
org.postgresql.util.PSQLException: 错误: 关系 "search_history" 不存在
  位置：13
	at org.postgresql.core.v3.QueryExecutorImpl.receiveErrorResponse(QueryExecutorImpl.java:2733)
	at org.postgresql.core.v3.QueryExecutorImpl.processResults(QueryExecutorImpl.java:2420)
	at org.postgresql.core.v3.QueryExecutorImpl.execute(QueryExecutorImpl.java:372)
	at org.postgresql.jdbc.PgStatement.executeInternal(PgStatement.java:517)
	at org.postgresql.jdbc.PgStatement.execute(PgStatement.java:434)
	at org.postgresql.jdbc.PgPreparedStatement.executeWithFlags(PgPreparedStatement.java:194)
	at org.postgresql.jdbc.PgPreparedStatement.executeUpdate(PgPreparedStatement.java:155)
	at com.zaxxer.hikari.pool.ProxyPreparedStatement.executeUpdate(ProxyPreparedStatement.java:61)
	at com.zaxxer.hikari.pool.HikariProxyPreparedStatement.executeUpdate(HikariProxyPreparedStatement.java)
	at com.imagemanager.service.SearchService.recordSearchHistory(SearchService.java:157)
	at com.imagemanager.service.SearchService.searchByKeyword(SearchService.java:80)
	at com.imagemanager.service.SearchService.search(SearchService.java:65)
	at com.imagemanager.controller.MainController$2.call(MainController.java:819)
	at com.imagemanager.controller.MainController$2.call(MainController.java:816)
	at javafx.graphics@26/javafx.concurrent.Task$TaskCallable.call(Task.java:1407)
	at java.base/java.util.concurrent.FutureTask.run(FutureTask.java:330)
	at java.base/java.lang.VirtualThread.run(VirtualThread.java:475)
2026-05-16 18:24:34.221 [JavaFX Application Thread] INFO  com.imagemanager.controller.MainController - 执行搜索: mode=KEYWORD, query=map
2026-05-16 18:24:34.221 [virtual-502] INFO  com.imagemanager.service.SearchService - 关键词搜索: map
2026-05-16 18:24:34.222 [virtual-502] ERROR com.imagemanager.dao.TagDaoImpl - 关键词搜索失败: keyword=map
org.postgresql.util.PSQLException: 错误: 关系 "v_image_search" 不存在
  位置：25
	at org.postgresql.core.v3.QueryExecutorImpl.receiveErrorResponse(QueryExecutorImpl.java:2733)
	at org.postgresql.core.v3.QueryExecutorImpl.processResults(QueryExecutorImpl.java:2420)
	at org.postgresql.core.v3.QueryExecutorImpl.execute(QueryExecutorImpl.java:372)
	at org.postgresql.jdbc.PgStatement.executeInternal(PgStatement.java:517)
	at org.postgresql.jdbc.PgStatement.execute(PgStatement.java:434)
	at org.postgresql.jdbc.PgPreparedStatement.executeWithFlags(PgPreparedStatement.java:194)
	at org.postgresql.jdbc.PgPreparedStatement.executeQuery(PgPreparedStatement.java:137)
	at com.zaxxer.hikari.pool.ProxyPreparedStatement.executeQuery(ProxyPreparedStatement.java:52)
	at com.zaxxer.hikari.pool.HikariProxyPreparedStatement.executeQuery(HikariProxyPreparedStatement.java)
	at com.imagemanager.dao.TagDaoImpl.searchImagesByKeyword(TagDaoImpl.java:286)
	at com.imagemanager.service.SearchService.searchByKeyword(SearchService.java:76)
	at com.imagemanager.service.SearchService.search(SearchService.java:65)
	at com.imagemanager.controller.MainController$2.call(MainController.java:819)
	at com.imagemanager.controller.MainController$2.call(MainController.java:816)
	at javafx.graphics@26/javafx.concurrent.Task$TaskCallable.call(Task.java:1407)
	at java.base/java.util.concurrent.FutureTask.run(FutureTask.java:330)
	at java.base/java.lang.VirtualThread.run(VirtualThread.java:475)
2026-05-16 18:24:34.223 [virtual-502] WARN  com.imagemanager.service.SearchService - 记录搜索历史失败
org.postgresql.util.PSQLException: 错误: 关系 "search_history" 不存在
  位置：13
	at org.postgresql.core.v3.QueryExecutorImpl.receiveErrorResponse(QueryExecutorImpl.java:2733)
	at org.postgresql.core.v3.QueryExecutorImpl.processResults(QueryExecutorImpl.java:2420)
	at org.postgresql.core.v3.QueryExecutorImpl.execute(QueryExecutorImpl.java:372)
	at org.postgresql.jdbc.PgStatement.executeInternal(PgStatement.java:517)
	at org.postgresql.jdbc.PgStatement.execute(PgStatement.java:434)
	at org.postgresql.jdbc.PgPreparedStatement.executeWithFlags(PgPreparedStatement.java:194)
	at org.postgresql.jdbc.PgPreparedStatement.executeUpdate(PgPreparedStatement.java:155)
	at com.zaxxer.hikari.pool.ProxyPreparedStatement.executeUpdate(ProxyPreparedStatement.java:61)
	at com.zaxxer.hikari.pool.HikariProxyPreparedStatement.executeUpdate(HikariProxyPreparedStatement.java)
	at com.imagemanager.service.SearchService.recordSearchHistory(SearchService.java:157)
	at com.imagemanager.service.SearchService.searchByKeyword(SearchService.java:80)
	at com.imagemanager.service.SearchService.search(SearchService.java:65)
	at com.imagemanager.controller.MainController$2.call(MainController.java:819)
	at com.imagemanager.controller.MainController$2.call(MainController.java:816)
	at javafx.graphics@26/javafx.concurrent.Task$TaskCallable.call(Task.java:1407)
	at java.base/java.util.concurrent.FutureTask.run(FutureTask.java:330)
	at java.base/java.lang.VirtualThread.run(VirtualThread.java:475)
2026-05-16 18:24:34.305 [JavaFX Application Thread] INFO  com.imagemanager.controller.MainController - 执行搜索: mode=KEYWORD, query=map
2026-05-16 18:24:34.306 [virtual-503] INFO  com.imagemanager.service.SearchService - 关键词搜索: map
2026-05-16 18:24:34.306 [virtual-503] ERROR com.imagemanager.dao.TagDaoImpl - 关键词搜索失败: keyword=map
org.postgresql.util.PSQLException: 错误: 关系 "v_image_search" 不存在
  位置：25
	at org.postgresql.core.v3.QueryExecutorImpl.receiveErrorResponse(QueryExecutorImpl.java:2733)
	at org.postgresql.core.v3.QueryExecutorImpl.processResults(QueryExecutorImpl.java:2420)
	at org.postgresql.core.v3.QueryExecutorImpl.execute(QueryExecutorImpl.java:372)
	at org.postgresql.jdbc.PgStatement.executeInternal(PgStatement.java:517)
	at org.postgresql.jdbc.PgStatement.execute(PgStatement.java:434)
	at org.postgresql.jdbc.PgPreparedStatement.executeWithFlags(PgPreparedStatement.java:194)
	at org.postgresql.jdbc.PgPreparedStatement.executeQuery(PgPreparedStatement.java:137)
	at com.zaxxer.hikari.pool.ProxyPreparedStatement.executeQuery(ProxyPreparedStatement.java:52)
	at com.zaxxer.hikari.pool.HikariProxyPreparedStatement.executeQuery(HikariProxyPreparedStatement.java)
	at com.imagemanager.dao.TagDaoImpl.searchImagesByKeyword(TagDaoImpl.java:286)
	at com.imagemanager.service.SearchService.searchByKeyword(SearchService.java:76)
	at com.imagemanager.service.SearchService.search(SearchService.java:65)
	at com.imagemanager.controller.MainController$2.call(MainController.java:819)
	at com.imagemanager.controller.MainController$2.call(MainController.java:816)
	at javafx.graphics@26/javafx.concurrent.Task$TaskCallable.call(Task.java:1407)
	at java.base/java.util.concurrent.FutureTask.run(FutureTask.java:330)
	at java.base/java.lang.VirtualThread.run(VirtualThread.java:475)
2026-05-16 18:24:34.307 [virtual-503] WARN  com.imagemanager.service.SearchService - 记录搜索历史失败
org.postgresql.util.PSQLException: 错误: 关系 "search_history" 不存在
  位置：13
	at org.postgresql.core.v3.QueryExecutorImpl.receiveErrorResponse(QueryExecutorImpl.java:2733)
	at org.postgresql.core.v3.QueryExecutorImpl.processResults(QueryExecutorImpl.java:2420)
	at org.postgresql.core.v3.QueryExecutorImpl.execute(QueryExecutorImpl.java:372)
	at org.postgresql.jdbc.PgStatement.executeInternal(PgStatement.java:517)
	at org.postgresql.jdbc.PgStatement.execute(PgStatement.java:434)
	at org.postgresql.jdbc.PgPreparedStatement.executeWithFlags(PgPreparedStatement.java:194)
	at org.postgresql.jdbc.PgPreparedStatement.executeUpdate(PgPreparedStatement.java:155)
	at com.zaxxer.hikari.pool.ProxyPreparedStatement.executeUpdate(ProxyPreparedStatement.java:61)
	at com.zaxxer.hikari.pool.HikariProxyPreparedStatement.executeUpdate(HikariProxyPreparedStatement.java)
	at com.imagemanager.service.SearchService.recordSearchHistory(SearchService.java:157)
	at com.imagemanager.service.SearchService.searchByKeyword(SearchService.java:80)
	at com.imagemanager.service.SearchService.search(SearchService.java:65)
	at com.imagemanager.controller.MainController$2.call(MainController.java:819)
	at com.imagemanager.controller.MainController$2.call(MainController.java:816)
	at javafx.graphics@26/javafx.concurrent.Task$TaskCallable.call(Task.java:1407)
	at java.base/java.util.concurrent.FutureTask.run(FutureTask.java:330)
	at java.base/java.lang.VirtualThread.run(VirtualThread.java:475)
2026-05-16 18:24:34.420 [JavaFX Application Thread] INFO  com.imagemanager.controller.MainController - 执行搜索: mode=KEYWORD, query=map
2026-05-16 18:24:34.420 [virtual-504] INFO  com.imagemanager.service.SearchService - 关键词搜索: map
2026-05-16 18:24:34.421 [virtual-504] ERROR com.imagemanager.dao.TagDaoImpl - 关键词搜索失败: keyword=map
org.postgresql.util.PSQLException: 错误: 关系 "v_image_search" 不存在
  位置：25
	at org.postgresql.core.v3.QueryExecutorImpl.receiveErrorResponse(QueryExecutorImpl.java:2733)
	at org.postgresql.core.v3.QueryExecutorImpl.processResults(QueryExecutorImpl.java:2420)
	at org.postgresql.core.v3.QueryExecutorImpl.execute(QueryExecutorImpl.java:372)
	at org.postgresql.jdbc.PgStatement.executeInternal(PgStatement.java:517)
	at org.postgresql.jdbc.PgStatement.execute(PgStatement.java:434)
	at org.postgresql.jdbc.PgPreparedStatement.executeWithFlags(PgPreparedStatement.java:194)
	at org.postgresql.jdbc.PgPreparedStatement.executeQuery(PgPreparedStatement.java:137)
	at com.zaxxer.hikari.pool.ProxyPreparedStatement.executeQuery(ProxyPreparedStatement.java:52)
	at com.zaxxer.hikari.pool.HikariProxyPreparedStatement.executeQuery(HikariProxyPreparedStatement.java)
	at com.imagemanager.dao.TagDaoImpl.searchImagesByKeyword(TagDaoImpl.java:286)
	at com.imagemanager.service.SearchService.searchByKeyword(SearchService.java:76)
	at com.imagemanager.service.SearchService.search(SearchService.java:65)
	at com.imagemanager.controller.MainController$2.call(MainController.java:819)
	at com.imagemanager.controller.MainController$2.call(MainController.java:816)
	at javafx.graphics@26/javafx.concurrent.Task$TaskCallable.call(Task.java:1407)
	at java.base/java.util.concurrent.FutureTask.run(FutureTask.java:330)
	at java.base/java.lang.VirtualThread.run(VirtualThread.java:475)
2026-05-16 18:24:34.422 [virtual-504] WARN  com.imagemanager.service.SearchService - 记录搜索历史失败
org.postgresql.util.PSQLException: 错误: 关系 "search_history" 不存在
  位置：13
	at org.postgresql.core.v3.QueryExecutorImpl.receiveErrorResponse(QueryExecutorImpl.java:2733)
	at org.postgresql.core.v3.QueryExecutorImpl.processResults(QueryExecutorImpl.java:2420)
	at org.postgresql.core.v3.QueryExecutorImpl.execute(QueryExecutorImpl.java:372)
	at org.postgresql.jdbc.PgStatement.executeInternal(PgStatement.java:517)
	at org.postgresql.jdbc.PgStatement.execute(PgStatement.java:434)
	at org.postgresql.jdbc.PgPreparedStatement.executeWithFlags(PgPreparedStatement.java:194)
	at org.postgresql.jdbc.PgPreparedStatement.executeUpdate(PgPreparedStatement.java:155)
	at com.zaxxer.hikari.pool.ProxyPreparedStatement.executeUpdate(ProxyPreparedStatement.java:61)
	at com.zaxxer.hikari.pool.HikariProxyPreparedStatement.executeUpdate(HikariProxyPreparedStatement.java)
	at com.imagemanager.service.SearchService.recordSearchHistory(SearchService.java:157)
	at com.imagemanager.service.SearchService.searchByKeyword(SearchService.java:80)
	at com.imagemanager.service.SearchService.search(SearchService.java:65)
	at com.imagemanager.controller.MainController$2.call(MainController.java:819)
	at com.imagemanager.controller.MainController$2.call(MainController.java:816)
	at javafx.graphics@26/javafx.concurrent.Task$TaskCallable.call(Task.java:1407)
	at java.base/java.util.concurrent.FutureTask.run(FutureTask.java:330)
	at java.base/java.lang.VirtualThread.run(VirtualThread.java:475)
2026-05-16 18:24:34.520 [JavaFX Application Thread] INFO  com.imagemanager.controller.MainController - 执行搜索: mode=KEYWORD, query=map
2026-05-16 18:24:34.520 [virtual-505] INFO  com.imagemanager.service.SearchService - 关键词搜索: map
2026-05-16 18:24:34.521 [virtual-505] ERROR com.imagemanager.dao.TagDaoImpl - 关键词搜索失败: keyword=map
org.postgresql.util.PSQLException: 错误: 关系 "v_image_search" 不存在
  位置：25
	at org.postgresql.core.v3.QueryExecutorImpl.receiveErrorResponse(QueryExecutorImpl.java:2733)
	at org.postgresql.core.v3.QueryExecutorImpl.processResults(QueryExecutorImpl.java:2420)
	at org.postgresql.core.v3.QueryExecutorImpl.execute(QueryExecutorImpl.java:372)
	at org.postgresql.jdbc.PgStatement.executeInternal(PgStatement.java:517)
	at org.postgresql.jdbc.PgStatement.execute(PgStatement.java:434)
	at org.postgresql.jdbc.PgPreparedStatement.executeWithFlags(PgPreparedStatement.java:194)
	at org.postgresql.jdbc.PgPreparedStatement.executeQuery(PgPreparedStatement.java:137)
	at com.zaxxer.hikari.pool.ProxyPreparedStatement.executeQuery(ProxyPreparedStatement.java:52)
	at com.zaxxer.hikari.pool.HikariProxyPreparedStatement.executeQuery(HikariProxyPreparedStatement.java)
	at com.imagemanager.dao.TagDaoImpl.searchImagesByKeyword(TagDaoImpl.java:286)
	at com.imagemanager.service.SearchService.searchByKeyword(SearchService.java:76)
	at com.imagemanager.service.SearchService.search(SearchService.java:65)
	at com.imagemanager.controller.MainController$2.call(MainController.java:819)
	at com.imagemanager.controller.MainController$2.call(MainController.java:816)
	at javafx.graphics@26/javafx.concurrent.Task$TaskCallable.call(Task.java:1407)
	at java.base/java.util.concurrent.FutureTask.run(FutureTask.java:330)
	at java.base/java.lang.VirtualThread.run(VirtualThread.java:475)
2026-05-16 18:24:34.522 [virtual-505] WARN  com.imagemanager.service.SearchService - 记录搜索历史失败
org.postgresql.util.PSQLException: 错误: 关系 "search_history" 不存在
  位置：13
	at org.postgresql.core.v3.QueryExecutorImpl.receiveErrorResponse(QueryExecutorImpl.java:2733)
	at org.postgresql.core.v3.QueryExecutorImpl.processResults(QueryExecutorImpl.java:2420)
	at org.postgresql.core.v3.QueryExecutorImpl.execute(QueryExecutorImpl.java:372)
	at org.postgresql.jdbc.PgStatement.executeInternal(PgStatement.java:517)
	at org.postgresql.jdbc.PgStatement.execute(PgStatement.java:434)
	at org.postgresql.jdbc.PgPreparedStatement.executeWithFlags(PgPreparedStatement.java:194)
	at org.postgresql.jdbc.PgPreparedStatement.executeUpdate(PgPreparedStatement.java:155)
	at com.zaxxer.hikari.pool.ProxyPreparedStatement.executeUpdate(ProxyPreparedStatement.java:61)
	at com.zaxxer.hikari.pool.HikariProxyPreparedStatement.executeUpdate(HikariProxyPreparedStatement.java)
	at com.imagemanager.service.SearchService.recordSearchHistory(SearchService.java:157)
	at com.imagemanager.service.SearchService.searchByKeyword(SearchService.java:80)
	at com.imagemanager.service.SearchService.search(SearchService.java:65)
	at com.imagemanager.controller.MainController$2.call(MainController.java:819)
	at com.imagemanager.controller.MainController$2.call(MainController.java:816)
	at javafx.graphics@26/javafx.concurrent.Task$TaskCallable.call(Task.java:1407)
	at java.base/java.util.concurrent.FutureTask.run(FutureTask.java:330)
	at java.base/java.lang.VirtualThread.run(VirtualThread.java:475)
2026-05-16 18:24:34.634 [JavaFX Application Thread] INFO  com.imagemanager.controller.MainController - 执行搜索: mode=KEYWORD, query=map
2026-05-16 18:24:34.634 [virtual-506] INFO  com.imagemanager.service.SearchService - 关键词搜索: map
2026-05-16 18:24:34.635 [virtual-506] ERROR com.imagemanager.dao.TagDaoImpl - 关键词搜索失败: keyword=map
org.postgresql.util.PSQLException: 错误: 关系 "v_image_search" 不存在
  位置：25
	at org.postgresql.core.v3.QueryExecutorImpl.receiveErrorResponse(QueryExecutorImpl.java:2733)
	at org.postgresql.core.v3.QueryExecutorImpl.processResults(QueryExecutorImpl.java:2420)
	at org.postgresql.core.v3.QueryExecutorImpl.execute(QueryExecutorImpl.java:372)
	at org.postgresql.jdbc.PgStatement.executeInternal(PgStatement.java:517)
	at org.postgresql.jdbc.PgStatement.execute(PgStatement.java:434)
	at org.postgresql.jdbc.PgPreparedStatement.executeWithFlags(PgPreparedStatement.java:194)
	at org.postgresql.jdbc.PgPreparedStatement.executeQuery(PgPreparedStatement.java:137)
	at com.zaxxer.hikari.pool.ProxyPreparedStatement.executeQuery(ProxyPreparedStatement.java:52)
	at com.zaxxer.hikari.pool.HikariProxyPreparedStatement.executeQuery(HikariProxyPreparedStatement.java)
	at com.imagemanager.dao.TagDaoImpl.searchImagesByKeyword(TagDaoImpl.java:286)
	at com.imagemanager.service.SearchService.searchByKeyword(SearchService.java:76)
	at com.imagemanager.service.SearchService.search(SearchService.java:65)
	at com.imagemanager.controller.MainController$2.call(MainController.java:819)
	at com.imagemanager.controller.MainController$2.call(MainController.java:816)
	at javafx.graphics@26/javafx.concurrent.Task$TaskCallable.call(Task.java:1407)
	at java.base/java.util.concurrent.FutureTask.run(FutureTask.java:330)
	at java.base/java.lang.VirtualThread.run(VirtualThread.java:475)
2026-05-16 18:24:34.636 [virtual-506] WARN  com.imagemanager.service.SearchService - 记录搜索历史失败
org.postgresql.util.PSQLException: 错误: 关系 "search_history" 不存在
  位置：13
	at org.postgresql.core.v3.QueryExecutorImpl.receiveErrorResponse(QueryExecutorImpl.java:2733)
	at org.postgresql.core.v3.QueryExecutorImpl.processResults(QueryExecutorImpl.java:2420)
	at org.postgresql.core.v3.QueryExecutorImpl.execute(QueryExecutorImpl.java:372)
	at org.postgresql.jdbc.PgStatement.executeInternal(PgStatement.java:517)
	at org.postgresql.jdbc.PgStatement.execute(PgStatement.java:434)
	at org.postgresql.jdbc.PgPreparedStatement.executeWithFlags(PgPreparedStatement.java:194)
	at org.postgresql.jdbc.PgPreparedStatement.executeUpdate(PgPreparedStatement.java:155)
	at com.zaxxer.hikari.pool.ProxyPreparedStatement.executeUpdate(ProxyPreparedStatement.java:61)
	at com.zaxxer.hikari.pool.HikariProxyPreparedStatement.executeUpdate(HikariProxyPreparedStatement.java)
	at com.imagemanager.service.SearchService.recordSearchHistory(SearchService.java:157)
	at com.imagemanager.service.SearchService.searchByKeyword(SearchService.java:80)
	at com.imagemanager.service.SearchService.search(SearchService.java:65)
	at com.imagemanager.controller.MainController$2.call(MainController.java:819)
	at com.imagemanager.controller.MainController$2.call(MainController.java:816)
	at javafx.graphics@26/javafx.concurrent.Task$TaskCallable.call(Task.java:1407)
	at java.base/java.util.concurrent.FutureTask.run(FutureTask.java:330)
	at java.base/java.lang.VirtualThread.run(VirtualThread.java:475)
2026-05-16 18:24:34.746 [JavaFX Application Thread] INFO  com.imagemanager.controller.MainController - 执行搜索: mode=KEYWORD, query=map
2026-05-16 18:24:34.747 [virtual-511] INFO  com.imagemanager.service.SearchService - 关键词搜索: map
2026-05-16 18:24:34.748 [virtual-511] ERROR com.imagemanager.dao.TagDaoImpl - 关键词搜索失败: keyword=map
org.postgresql.util.PSQLException: 错误: 关系 "v_image_search" 不存在
  位置：25
	at org.postgresql.core.v3.QueryExecutorImpl.receiveErrorResponse(QueryExecutorImpl.java:2733)
	at org.postgresql.core.v3.QueryExecutorImpl.processResults(QueryExecutorImpl.java:2420)
	at org.postgresql.core.v3.QueryExecutorImpl.execute(QueryExecutorImpl.java:372)
	at org.postgresql.jdbc.PgStatement.executeInternal(PgStatement.java:517)
	at org.postgresql.jdbc.PgStatement.execute(PgStatement.java:434)
	at org.postgresql.jdbc.PgPreparedStatement.executeWithFlags(PgPreparedStatement.java:194)
	at org.postgresql.jdbc.PgPreparedStatement.executeQuery(PgPreparedStatement.java:137)
	at com.zaxxer.hikari.pool.ProxyPreparedStatement.executeQuery(ProxyPreparedStatement.java:52)
	at com.zaxxer.hikari.pool.HikariProxyPreparedStatement.executeQuery(HikariProxyPreparedStatement.java)
	at com.imagemanager.dao.TagDaoImpl.searchImagesByKeyword(TagDaoImpl.java:286)
	at com.imagemanager.service.SearchService.searchByKeyword(SearchService.java:76)
	at com.imagemanager.service.SearchService.search(SearchService.java:65)
	at com.imagemanager.controller.MainController$2.call(MainController.java:819)
	at com.imagemanager.controller.MainController$2.call(MainController.java:816)
	at javafx.graphics@26/javafx.concurrent.Task$TaskCallable.call(Task.java:1407)
	at java.base/java.util.concurrent.FutureTask.run(FutureTask.java:330)
	at java.base/java.lang.VirtualThread.run(VirtualThread.java:475)
2026-05-16 18:24:34.748 [virtual-511] WARN  com.imagemanager.service.SearchService - 记录搜索历史失败
org.postgresql.util.PSQLException: 错误: 关系 "search_history" 不存在
  位置：13
	at org.postgresql.core.v3.QueryExecutorImpl.receiveErrorResponse(QueryExecutorImpl.java:2733)
	at org.postgresql.core.v3.QueryExecutorImpl.processResults(QueryExecutorImpl.java:2420)
	at org.postgresql.core.v3.QueryExecutorImpl.execute(QueryExecutorImpl.java:372)
	at org.postgresql.jdbc.PgStatement.executeInternal(PgStatement.java:517)
	at org.postgresql.jdbc.PgStatement.execute(PgStatement.java:434)
	at org.postgresql.jdbc.PgPreparedStatement.executeWithFlags(PgPreparedStatement.java:194)
	at org.postgresql.jdbc.PgPreparedStatement.executeUpdate(PgPreparedStatement.java:155)
	at com.zaxxer.hikari.pool.ProxyPreparedStatement.executeUpdate(ProxyPreparedStatement.java:61)
	at com.zaxxer.hikari.pool.HikariProxyPreparedStatement.executeUpdate(HikariProxyPreparedStatement.java)
	at com.imagemanager.service.SearchService.recordSearchHistory(SearchService.java:157)
	at com.imagemanager.service.SearchService.searchByKeyword(SearchService.java:80)
	at com.imagemanager.service.SearchService.search(SearchService.java:65)
	at com.imagemanager.controller.MainController$2.call(MainController.java:819)
	at com.imagemanager.controller.MainController$2.call(MainController.java:816)
	at javafx.graphics@26/javafx.concurrent.Task$TaskCallable.call(Task.java:1407)
	at java.base/java.util.concurrent.FutureTask.run(FutureTask.java:330)
	at java.base/java.lang.VirtualThread.run(VirtualThread.java:475)
2026-05-16 18:24:35.034 [JavaFX Application Thread] INFO  com.imagemanager.controller.MainController - 执行搜索: mode=KEYWORD, query=map
2026-05-16 18:24:35.035 [virtual-512] INFO  com.imagemanager.service.SearchService - 关键词搜索: map
2026-05-16 18:24:35.035 [virtual-512] ERROR com.imagemanager.dao.TagDaoImpl - 关键词搜索失败: keyword=map
org.postgresql.util.PSQLException: 错误: 关系 "v_image_search" 不存在
  位置：25
	at org.postgresql.core.v3.QueryExecutorImpl.receiveErrorResponse(QueryExecutorImpl.java:2733)
	at org.postgresql.core.v3.QueryExecutorImpl.processResults(QueryExecutorImpl.java:2420)
	at org.postgresql.core.v3.QueryExecutorImpl.execute(QueryExecutorImpl.java:372)
	at org.postgresql.jdbc.PgStatement.executeInternal(PgStatement.java:517)
	at org.postgresql.jdbc.PgStatement.execute(PgStatement.java:434)
	at org.postgresql.jdbc.PgPreparedStatement.executeWithFlags(PgPreparedStatement.java:194)
	at org.postgresql.jdbc.PgPreparedStatement.executeQuery(PgPreparedStatement.java:137)
	at com.zaxxer.hikari.pool.ProxyPreparedStatement.executeQuery(ProxyPreparedStatement.java:52)
	at com.zaxxer.hikari.pool.HikariProxyPreparedStatement.executeQuery(HikariProxyPreparedStatement.java)
	at com.imagemanager.dao.TagDaoImpl.searchImagesByKeyword(TagDaoImpl.java:286)
	at com.imagemanager.service.SearchService.searchByKeyword(SearchService.java:76)
	at com.imagemanager.service.SearchService.search(SearchService.java:65)
	at com.imagemanager.controller.MainController$2.call(MainController.java:819)
	at com.imagemanager.controller.MainController$2.call(MainController.java:816)
	at javafx.graphics@26/javafx.concurrent.Task$TaskCallable.call(Task.java:1407)
	at java.base/java.util.concurrent.FutureTask.run(FutureTask.java:330)
	at java.base/java.lang.VirtualThread.run(VirtualThread.java:475)
2026-05-16 18:24:35.036 [virtual-512] WARN  com.imagemanager.service.SearchService - 记录搜索历史失败
org.postgresql.util.PSQLException: 错误: 关系 "search_history" 不存在
  位置：13
	at org.postgresql.core.v3.QueryExecutorImpl.receiveErrorResponse(QueryExecutorImpl.java:2733)
	at org.postgresql.core.v3.QueryExecutorImpl.processResults(QueryExecutorImpl.java:2420)
	at org.postgresql.core.v3.QueryExecutorImpl.execute(QueryExecutorImpl.java:372)
	at org.postgresql.jdbc.PgStatement.executeInternal(PgStatement.java:517)
	at org.postgresql.jdbc.PgStatement.execute(PgStatement.java:434)
	at org.postgresql.jdbc.PgPreparedStatement.executeWithFlags(PgPreparedStatement.java:194)
	at org.postgresql.jdbc.PgPreparedStatement.executeUpdate(PgPreparedStatement.java:155)
	at com.zaxxer.hikari.pool.ProxyPreparedStatement.executeUpdate(ProxyPreparedStatement.java:61)
	at com.zaxxer.hikari.pool.HikariProxyPreparedStatement.executeUpdate(HikariProxyPreparedStatement.java)
	at com.imagemanager.service.SearchService.recordSearchHistory(SearchService.java:157)
	at com.imagemanager.service.SearchService.searchByKeyword(SearchService.java:80)
	at com.imagemanager.service.SearchService.search(SearchService.java:65)
	at com.imagemanager.controller.MainController$2.call(MainController.java:819)
	at com.imagemanager.controller.MainController$2.call(MainController.java:816)
	at javafx.graphics@26/javafx.concurrent.Task$TaskCallable.call(Task.java:1407)
	at java.base/java.util.concurrent.FutureTask.run(FutureTask.java:330)
	at java.base/java.lang.VirtualThread.run(VirtualThread.java:475)
2026-05-16 18:24:35.124 [JavaFX Application Thread] INFO  com.imagemanager.controller.MainController - 执行搜索: mode=KEYWORD, query=map
2026-05-16 18:24:35.124 [virtual-513] INFO  com.imagemanager.service.SearchService - 关键词搜索: map
2026-05-16 18:24:35.126 [virtual-513] ERROR com.imagemanager.dao.TagDaoImpl - 关键词搜索失败: keyword=map
org.postgresql.util.PSQLException: 错误: 关系 "v_image_search" 不存在
  位置：25
	at org.postgresql.core.v3.QueryExecutorImpl.receiveErrorResponse(QueryExecutorImpl.java:2733)
	at org.postgresql.core.v3.QueryExecutorImpl.processResults(QueryExecutorImpl.java:2420)
	at org.postgresql.core.v3.QueryExecutorImpl.execute(QueryExecutorImpl.java:372)
	at org.postgresql.jdbc.PgStatement.executeInternal(PgStatement.java:517)
	at org.postgresql.jdbc.PgStatement.execute(PgStatement.java:434)
	at org.postgresql.jdbc.PgPreparedStatement.executeWithFlags(PgPreparedStatement.java:194)
	at org.postgresql.jdbc.PgPreparedStatement.executeQuery(PgPreparedStatement.java:137)
	at com.zaxxer.hikari.pool.ProxyPreparedStatement.executeQuery(ProxyPreparedStatement.java:52)
	at com.zaxxer.hikari.pool.HikariProxyPreparedStatement.executeQuery(HikariProxyPreparedStatement.java)
	at com.imagemanager.dao.TagDaoImpl.searchImagesByKeyword(TagDaoImpl.java:286)
	at com.imagemanager.service.SearchService.searchByKeyword(SearchService.java:76)
	at com.imagemanager.service.SearchService.search(SearchService.java:65)
	at com.imagemanager.controller.MainController$2.call(MainController.java:819)
	at com.imagemanager.controller.MainController$2.call(MainController.java:816)
	at javafx.graphics@26/javafx.concurrent.Task$TaskCallable.call(Task.java:1407)
	at java.base/java.util.concurrent.FutureTask.run(FutureTask.java:330)
	at java.base/java.lang.VirtualThread.run(VirtualThread.java:475)
2026-05-16 18:24:35.126 [virtual-513] WARN  com.imagemanager.service.SearchService - 记录搜索历史失败
org.postgresql.util.PSQLException: 错误: 关系 "search_history" 不存在
  位置：13
	at org.postgresql.core.v3.QueryExecutorImpl.receiveErrorResponse(QueryExecutorImpl.java:2733)
	at org.postgresql.core.v3.QueryExecutorImpl.processResults(QueryExecutorImpl.java:2420)
	at org.postgresql.core.v3.QueryExecutorImpl.execute(QueryExecutorImpl.java:372)
	at org.postgresql.jdbc.PgStatement.executeInternal(PgStatement.java:517)
	at org.postgresql.jdbc.PgStatement.execute(PgStatement.java:434)
	at org.postgresql.jdbc.PgPreparedStatement.executeWithFlags(PgPreparedStatement.java:194)
	at org.postgresql.jdbc.PgPreparedStatement.executeUpdate(PgPreparedStatement.java:155)
	at com.zaxxer.hikari.pool.ProxyPreparedStatement.executeUpdate(ProxyPreparedStatement.java:61)
	at com.zaxxer.hikari.pool.HikariProxyPreparedStatement.executeUpdate(HikariProxyPreparedStatement.java)
	at com.imagemanager.service.SearchService.recordSearchHistory(SearchService.java:157)
	at com.imagemanager.service.SearchService.searchByKeyword(SearchService.java:80)
	at com.imagemanager.service.SearchService.search(SearchService.java:65)
	at com.imagemanager.controller.MainController$2.call(MainController.java:819)
	at com.imagemanager.controller.MainController$2.call(MainController.java:816)
	at javafx.graphics@26/javafx.concurrent.Task$TaskCallable.call(Task.java:1407)
	at java.base/java.util.concurrent.FutureTask.run(FutureTask.java:330)
	at java.base/java.lang.VirtualThread.run(VirtualThread.java:475)
2026-05-16 18:24:35.230 [JavaFX Application Thread] INFO  com.imagemanager.controller.MainController - 执行搜索: mode=KEYWORD, query=map
2026-05-16 18:24:35.230 [virtual-514] INFO  com.imagemanager.service.SearchService - 关键词搜索: map
2026-05-16 18:24:35.231 [virtual-514] ERROR com.imagemanager.dao.TagDaoImpl - 关键词搜索失败: keyword=map
org.postgresql.util.PSQLException: 错误: 关系 "v_image_search" 不存在
  位置：25
	at org.postgresql.core.v3.QueryExecutorImpl.receiveErrorResponse(QueryExecutorImpl.java:2733)
	at org.postgresql.core.v3.QueryExecutorImpl.processResults(QueryExecutorImpl.java:2420)
	at org.postgresql.core.v3.QueryExecutorImpl.execute(QueryExecutorImpl.java:372)
	at org.postgresql.jdbc.PgStatement.executeInternal(PgStatement.java:517)
	at org.postgresql.jdbc.PgStatement.execute(PgStatement.java:434)
	at org.postgresql.jdbc.PgPreparedStatement.executeWithFlags(PgPreparedStatement.java:194)
	at org.postgresql.jdbc.PgPreparedStatement.executeQuery(PgPreparedStatement.java:137)
	at com.zaxxer.hikari.pool.ProxyPreparedStatement.executeQuery(ProxyPreparedStatement.java:52)
	at com.zaxxer.hikari.pool.HikariProxyPreparedStatement.executeQuery(HikariProxyPreparedStatement.java)
	at com.imagemanager.dao.TagDaoImpl.searchImagesByKeyword(TagDaoImpl.java:286)
	at com.imagemanager.service.SearchService.searchByKeyword(SearchService.java:76)
	at com.imagemanager.service.SearchService.search(SearchService.java:65)
	at com.imagemanager.controller.MainController$2.call(MainController.java:819)
	at com.imagemanager.controller.MainController$2.call(MainController.java:816)
	at javafx.graphics@26/javafx.concurrent.Task$TaskCallable.call(Task.java:1407)
	at java.base/java.util.concurrent.FutureTask.run(FutureTask.java:330)
	at java.base/java.lang.VirtualThread.run(VirtualThread.java:475)
2026-05-16 18:24:35.231 [virtual-514] WARN  com.imagemanager.service.SearchService - 记录搜索历史失败
org.postgresql.util.PSQLException: 错误: 关系 "search_history" 不存在
  位置：13
	at org.postgresql.core.v3.QueryExecutorImpl.receiveErrorResponse(QueryExecutorImpl.java:2733)
	at org.postgresql.core.v3.QueryExecutorImpl.processResults(QueryExecutorImpl.java:2420)
	at org.postgresql.core.v3.QueryExecutorImpl.execute(QueryExecutorImpl.java:372)
	at org.postgresql.jdbc.PgStatement.executeInternal(PgStatement.java:517)
	at org.postgresql.jdbc.PgStatement.execute(PgStatement.java:434)
	at org.postgresql.jdbc.PgPreparedStatement.executeWithFlags(PgPreparedStatement.java:194)
	at org.postgresql.jdbc.PgPreparedStatement.executeUpdate(PgPreparedStatement.java:155)
	at com.zaxxer.hikari.pool.ProxyPreparedStatement.executeUpdate(ProxyPreparedStatement.java:61)
	at com.zaxxer.hikari.pool.HikariProxyPreparedStatement.executeUpdate(HikariProxyPreparedStatement.java)
	at com.imagemanager.service.SearchService.recordSearchHistory(SearchService.java:157)
	at com.imagemanager.service.SearchService.searchByKeyword(SearchService.java:80)
	at com.imagemanager.service.SearchService.search(SearchService.java:65)
	at com.imagemanager.controller.MainController$2.call(MainController.java:819)
	at com.imagemanager.controller.MainController$2.call(MainController.java:816)
	at javafx.graphics@26/javafx.concurrent.Task$TaskCallable.call(Task.java:1407)
	at java.base/java.util.concurrent.FutureTask.run(FutureTask.java:330)
	at java.base/java.lang.VirtualThread.run(VirtualThread.java:475)
2026-05-16 18:24:35.646 [JavaFX Application Thread] INFO  com.imagemanager.controller.MainController - 执行搜索: mode=KEYWORD, query=map
2026-05-16 18:24:35.646 [virtual-515] INFO  com.imagemanager.service.SearchService - 关键词搜索: map
2026-05-16 18:24:35.647 [virtual-515] ERROR com.imagemanager.dao.TagDaoImpl - 关键词搜索失败: keyword=map
org.postgresql.util.PSQLException: 错误: 关系 "v_image_search" 不存在
  位置：25
	at org.postgresql.core.v3.QueryExecutorImpl.receiveErrorResponse(QueryExecutorImpl.java:2733)
	at org.postgresql.core.v3.QueryExecutorImpl.processResults(QueryExecutorImpl.java:2420)
	at org.postgresql.core.v3.QueryExecutorImpl.execute(QueryExecutorImpl.java:372)
	at org.postgresql.jdbc.PgStatement.executeInternal(PgStatement.java:517)
	at org.postgresql.jdbc.PgStatement.execute(PgStatement.java:434)
	at org.postgresql.jdbc.PgPreparedStatement.executeWithFlags(PgPreparedStatement.java:194)
	at org.postgresql.jdbc.PgPreparedStatement.executeQuery(PgPreparedStatement.java:137)
	at com.zaxxer.hikari.pool.ProxyPreparedStatement.executeQuery(ProxyPreparedStatement.java:52)
	at com.zaxxer.hikari.pool.HikariProxyPreparedStatement.executeQuery(HikariProxyPreparedStatement.java)
	at com.imagemanager.dao.TagDaoImpl.searchImagesByKeyword(TagDaoImpl.java:286)
	at com.imagemanager.service.SearchService.searchByKeyword(SearchService.java:76)
	at com.imagemanager.service.SearchService.search(SearchService.java:65)
	at com.imagemanager.controller.MainController$2.call(MainController.java:819)
	at com.imagemanager.controller.MainController$2.call(MainController.java:816)
	at javafx.graphics@26/javafx.concurrent.Task$TaskCallable.call(Task.java:1407)
	at java.base/java.util.concurrent.FutureTask.run(FutureTask.java:330)
	at java.base/java.lang.VirtualThread.run(VirtualThread.java:475)
2026-05-16 18:24:35.648 [virtual-515] WARN  com.imagemanager.service.SearchService - 记录搜索历史失败
org.postgresql.util.PSQLException: 错误: 关系 "search_history" 不存在
  位置：13
	at org.postgresql.core.v3.QueryExecutorImpl.receiveErrorResponse(QueryExecutorImpl.java:2733)
	at org.postgresql.core.v3.QueryExecutorImpl.processResults(QueryExecutorImpl.java:2420)
	at org.postgresql.core.v3.QueryExecutorImpl.execute(QueryExecutorImpl.java:372)
	at org.postgresql.jdbc.PgStatement.executeInternal(PgStatement.java:517)
	at org.postgresql.jdbc.PgStatement.execute(PgStatement.java:434)
	at org.postgresql.jdbc.PgPreparedStatement.executeWithFlags(PgPreparedStatement.java:194)
	at org.postgresql.jdbc.PgPreparedStatement.executeUpdate(PgPreparedStatement.java:155)
	at com.zaxxer.hikari.pool.ProxyPreparedStatement.executeUpdate(ProxyPreparedStatement.java:61)
	at com.zaxxer.hikari.pool.HikariProxyPreparedStatement.executeUpdate(HikariProxyPreparedStatement.java)
	at com.imagemanager.service.SearchService.recordSearchHistory(SearchService.java:157)
	at com.imagemanager.service.SearchService.searchByKeyword(SearchService.java:80)
	at com.imagemanager.service.SearchService.search(SearchService.java:65)
	at com.imagemanager.controller.MainController$2.call(MainController.java:819)
	at com.imagemanager.controller.MainController$2.call(MainController.java:816)
	at javafx.graphics@26/javafx.concurrent.Task$TaskCallable.call(Task.java:1407)
	at java.base/java.util.concurrent.FutureTask.run(FutureTask.java:330)
	at java.base/java.lang.VirtualThread.run(VirtualThread.java:475)
2026-05-16 18:24:35.880 [JavaFX Application Thread] INFO  com.imagemanager.controller.MainController - 执行搜索: mode=KEYWORD, query=map
2026-05-16 18:24:35.881 [virtual-516] INFO  com.imagemanager.service.SearchService - 关键词搜索: map
2026-05-16 18:24:35.882 [virtual-516] ERROR com.imagemanager.dao.TagDaoImpl - 关键词搜索失败: keyword=map
org.postgresql.util.PSQLException: 错误: 关系 "v_image_search" 不存在
  位置：25
	at org.postgresql.core.v3.QueryExecutorImpl.receiveErrorResponse(QueryExecutorImpl.java:2733)
	at org.postgresql.core.v3.QueryExecutorImpl.processResults(QueryExecutorImpl.java:2420)
	at org.postgresql.core.v3.QueryExecutorImpl.execute(QueryExecutorImpl.java:372)
	at org.postgresql.jdbc.PgStatement.executeInternal(PgStatement.java:517)
	at org.postgresql.jdbc.PgStatement.execute(PgStatement.java:434)
	at org.postgresql.jdbc.PgPreparedStatement.executeWithFlags(PgPreparedStatement.java:194)
	at org.postgresql.jdbc.PgPreparedStatement.executeQuery(PgPreparedStatement.java:137)
	at com.zaxxer.hikari.pool.ProxyPreparedStatement.executeQuery(ProxyPreparedStatement.java:52)
	at com.zaxxer.hikari.pool.HikariProxyPreparedStatement.executeQuery(HikariProxyPreparedStatement.java)
	at com.imagemanager.dao.TagDaoImpl.searchImagesByKeyword(TagDaoImpl.java:286)
	at com.imagemanager.service.SearchService.searchByKeyword(SearchService.java:76)
	at com.imagemanager.service.SearchService.search(SearchService.java:65)
	at com.imagemanager.controller.MainController$2.call(MainController.java:819)
	at com.imagemanager.controller.MainController$2.call(MainController.java:816)
	at javafx.graphics@26/javafx.concurrent.Task$TaskCallable.call(Task.java:1407)
	at java.base/java.util.concurrent.FutureTask.run(FutureTask.java:330)
	at java.base/java.lang.VirtualThread.run(VirtualThread.java:475)
2026-05-16 18:24:35.882 [virtual-516] WARN  com.imagemanager.service.SearchService - 记录搜索历史失败
org.postgresql.util.PSQLException: 错误: 关系 "search_history" 不存在
  位置：13
	at org.postgresql.core.v3.QueryExecutorImpl.receiveErrorResponse(QueryExecutorImpl.java:2733)
	at org.postgresql.core.v3.QueryExecutorImpl.processResults(QueryExecutorImpl.java:2420)
	at org.postgresql.core.v3.QueryExecutorImpl.execute(QueryExecutorImpl.java:372)
	at org.postgresql.jdbc.PgStatement.executeInternal(PgStatement.java:517)
	at org.postgresql.jdbc.PgStatement.execute(PgStatement.java:434)
	at org.postgresql.jdbc.PgPreparedStatement.executeWithFlags(PgPreparedStatement.java:194)
	at org.postgresql.jdbc.PgPreparedStatement.executeUpdate(PgPreparedStatement.java:155)
	at com.zaxxer.hikari.pool.ProxyPreparedStatement.executeUpdate(ProxyPreparedStatement.java:61)
	at com.zaxxer.hikari.pool.HikariProxyPreparedStatement.executeUpdate(HikariProxyPreparedStatement.java)
	at com.imagemanager.service.SearchService.recordSearchHistory(SearchService.java:157)
	at com.imagemanager.service.SearchService.searchByKeyword(SearchService.java:80)
	at com.imagemanager.service.SearchService.search(SearchService.java:65)
	at com.imagemanager.controller.MainController$2.call(MainController.java:819)
	at com.imagemanager.controller.MainController$2.call(MainController.java:816)
	at javafx.graphics@26/javafx.concurrent.Task$TaskCallable.call(Task.java:1407)
	at java.base/java.util.concurrent.FutureTask.run(FutureTask.java:330)
	at java.base/java.lang.VirtualThread.run(VirtualThread.java:475)
2026-05-16 18:24:36.135 [JavaFX Application Thread] INFO  com.imagemanager.controller.MainController - 执行搜索: mode=KEYWORD, query=map
2026-05-16 18:24:36.135 [virtual-517] INFO  com.imagemanager.service.SearchService - 关键词搜索: map
2026-05-16 18:24:36.136 [virtual-517] ERROR com.imagemanager.dao.TagDaoImpl - 关键词搜索失败: keyword=map
org.postgresql.util.PSQLException: 错误: 关系 "v_image_search" 不存在
  位置：25
	at org.postgresql.core.v3.QueryExecutorImpl.receiveErrorResponse(QueryExecutorImpl.java:2733)
	at org.postgresql.core.v3.QueryExecutorImpl.processResults(QueryExecutorImpl.java:2420)
	at org.postgresql.core.v3.QueryExecutorImpl.execute(QueryExecutorImpl.java:372)
	at org.postgresql.jdbc.PgStatement.executeInternal(PgStatement.java:517)
	at org.postgresql.jdbc.PgStatement.execute(PgStatement.java:434)
	at org.postgresql.jdbc.PgPreparedStatement.executeWithFlags(PgPreparedStatement.java:194)
	at org.postgresql.jdbc.PgPreparedStatement.executeQuery(PgPreparedStatement.java:137)
	at com.zaxxer.hikari.pool.ProxyPreparedStatement.executeQuery(ProxyPreparedStatement.java:52)
	at com.zaxxer.hikari.pool.HikariProxyPreparedStatement.executeQuery(HikariProxyPreparedStatement.java)
	at com.imagemanager.dao.TagDaoImpl.searchImagesByKeyword(TagDaoImpl.java:286)
	at com.imagemanager.service.SearchService.searchByKeyword(SearchService.java:76)
	at com.imagemanager.service.SearchService.search(SearchService.java:65)
	at com.imagemanager.controller.MainController$2.call(MainController.java:819)
	at com.imagemanager.controller.MainController$2.call(MainController.java:816)
	at javafx.graphics@26/javafx.concurrent.Task$TaskCallable.call(Task.java:1407)
	at java.base/java.util.concurrent.FutureTask.run(FutureTask.java:330)
	at java.base/java.lang.VirtualThread.run(VirtualThread.java:475)
2026-05-16 18:24:36.136 [virtual-517] WARN  com.imagemanager.service.SearchService - 记录搜索历史失败
org.postgresql.util.PSQLException: 错误: 关系 "search_history" 不存在
  位置：13
	at org.postgresql.core.v3.QueryExecutorImpl.receiveErrorResponse(QueryExecutorImpl.java:2733)
	at org.postgresql.core.v3.QueryExecutorImpl.processResults(QueryExecutorImpl.java:2420)
	at org.postgresql.core.v3.QueryExecutorImpl.execute(QueryExecutorImpl.java:372)
	at org.postgresql.jdbc.PgStatement.executeInternal(PgStatement.java:517)
	at org.postgresql.jdbc.PgStatement.execute(PgStatement.java:434)
	at org.postgresql.jdbc.PgPreparedStatement.executeWithFlags(PgPreparedStatement.java:194)
	at org.postgresql.jdbc.PgPreparedStatement.executeUpdate(PgPreparedStatement.java:155)
	at com.zaxxer.hikari.pool.ProxyPreparedStatement.executeUpdate(ProxyPreparedStatement.java:61)
	at com.zaxxer.hikari.pool.HikariProxyPreparedStatement.executeUpdate(HikariProxyPreparedStatement.java)
	at com.imagemanager.service.SearchService.recordSearchHistory(SearchService.java:157)
	at com.imagemanager.service.SearchService.searchByKeyword(SearchService.java:80)
	at com.imagemanager.service.SearchService.search(SearchService.java:65)
	at com.imagemanager.controller.MainController$2.call(MainController.java:819)
	at com.imagemanager.controller.MainController$2.call(MainController.java:816)
	at javafx.graphics@26/javafx.concurrent.Task$TaskCallable.call(Task.java:1407)
	at java.base/java.util.concurrent.FutureTask.run(FutureTask.java:330)
	at java.base/java.lang.VirtualThread.run(VirtualThread.java:475)
2026-05-16 18:24:36.230 [JavaFX Application Thread] INFO  com.imagemanager.controller.MainController - 执行搜索: mode=KEYWORD, query=map
2026-05-16 18:24:36.230 [virtual-518] INFO  com.imagemanager.service.SearchService - 关键词搜索: map
2026-05-16 18:24:36.231 [virtual-518] ERROR com.imagemanager.dao.TagDaoImpl - 关键词搜索失败: keyword=map
org.postgresql.util.PSQLException: 错误: 关系 "v_image_search" 不存在
  位置：25
	at org.postgresql.core.v3.QueryExecutorImpl.receiveErrorResponse(QueryExecutorImpl.java:2733)
	at org.postgresql.core.v3.QueryExecutorImpl.processResults(QueryExecutorImpl.java:2420)
	at org.postgresql.core.v3.QueryExecutorImpl.execute(QueryExecutorImpl.java:372)
	at org.postgresql.jdbc.PgStatement.executeInternal(PgStatement.java:517)
	at org.postgresql.jdbc.PgStatement.execute(PgStatement.java:434)
	at org.postgresql.jdbc.PgPreparedStatement.executeWithFlags(PgPreparedStatement.java:194)
	at org.postgresql.jdbc.PgPreparedStatement.executeQuery(PgPreparedStatement.java:137)
	at com.zaxxer.hikari.pool.ProxyPreparedStatement.executeQuery(ProxyPreparedStatement.java:52)
	at com.zaxxer.hikari.pool.HikariProxyPreparedStatement.executeQuery(HikariProxyPreparedStatement.java)
	at com.imagemanager.dao.TagDaoImpl.searchImagesByKeyword(TagDaoImpl.java:286)
	at com.imagemanager.service.SearchService.searchByKeyword(SearchService.java:76)
	at com.imagemanager.service.SearchService.search(SearchService.java:65)
	at com.imagemanager.controller.MainController$2.call(MainController.java:819)
	at com.imagemanager.controller.MainController$2.call(MainController.java:816)
	at javafx.graphics@26/javafx.concurrent.Task$TaskCallable.call(Task.java:1407)
	at java.base/java.util.concurrent.FutureTask.run(FutureTask.java:330)
	at java.base/java.lang.VirtualThread.run(VirtualThread.java:475)
2026-05-16 18:24:36.232 [virtual-518] WARN  com.imagemanager.service.SearchService - 记录搜索历史失败
org.postgresql.util.PSQLException: 错误: 关系 "search_history" 不存在
  位置：13
	at org.postgresql.core.v3.QueryExecutorImpl.receiveErrorResponse(QueryExecutorImpl.java:2733)
	at org.postgresql.core.v3.QueryExecutorImpl.processResults(QueryExecutorImpl.java:2420)
	at org.postgresql.core.v3.QueryExecutorImpl.execute(QueryExecutorImpl.java:372)
	at org.postgresql.jdbc.PgStatement.executeInternal(PgStatement.java:517)
	at org.postgresql.jdbc.PgStatement.execute(PgStatement.java:434)
	at org.postgresql.jdbc.PgPreparedStatement.executeWithFlags(PgPreparedStatement.java:194)
	at org.postgresql.jdbc.PgPreparedStatement.executeUpdate(PgPreparedStatement.java:155)
	at com.zaxxer.hikari.pool.ProxyPreparedStatement.executeUpdate(ProxyPreparedStatement.java:61)
	at com.zaxxer.hikari.pool.HikariProxyPreparedStatement.executeUpdate(HikariProxyPreparedStatement.java)
	at com.imagemanager.service.SearchService.recordSearchHistory(SearchService.java:157)
	at com.imagemanager.service.SearchService.searchByKeyword(SearchService.java:80)
	at com.imagemanager.service.SearchService.search(SearchService.java:65)
	at com.imagemanager.controller.MainController$2.call(MainController.java:819)
	at com.imagemanager.controller.MainController$2.call(MainController.java:816)
	at javafx.graphics@26/javafx.concurrent.Task$TaskCallable.call(Task.java:1407)
	at java.base/java.util.concurrent.FutureTask.run(FutureTask.java:330)
	at java.base/java.lang.VirtualThread.run(VirtualThread.java:475)
2026-05-16 18:24:36.334 [JavaFX Application Thread] INFO  com.imagemanager.controller.MainController - 执行搜索: mode=KEYWORD, query=map
2026-05-16 18:24:36.334 [virtual-523] INFO  com.imagemanager.service.SearchService - 关键词搜索: map
2026-05-16 18:24:36.335 [virtual-523] ERROR com.imagemanager.dao.TagDaoImpl - 关键词搜索失败: keyword=map
org.postgresql.util.PSQLException: 错误: 关系 "v_image_search" 不存在
  位置：25
	at org.postgresql.core.v3.QueryExecutorImpl.receiveErrorResponse(QueryExecutorImpl.java:2733)
	at org.postgresql.core.v3.QueryExecutorImpl.processResults(QueryExecutorImpl.java:2420)
	at org.postgresql.core.v3.QueryExecutorImpl.execute(QueryExecutorImpl.java:372)
	at org.postgresql.jdbc.PgStatement.executeInternal(PgStatement.java:517)
	at org.postgresql.jdbc.PgStatement.execute(PgStatement.java:434)
	at org.postgresql.jdbc.PgPreparedStatement.executeWithFlags(PgPreparedStatement.java:194)
	at org.postgresql.jdbc.PgPreparedStatement.executeQuery(PgPreparedStatement.java:137)
	at com.zaxxer.hikari.pool.ProxyPreparedStatement.executeQuery(ProxyPreparedStatement.java:52)
	at com.zaxxer.hikari.pool.HikariProxyPreparedStatement.executeQuery(HikariProxyPreparedStatement.java)
	at com.imagemanager.dao.TagDaoImpl.searchImagesByKeyword(TagDaoImpl.java:286)
	at com.imagemanager.service.SearchService.searchByKeyword(SearchService.java:76)
	at com.imagemanager.service.SearchService.search(SearchService.java:65)
	at com.imagemanager.controller.MainController$2.call(MainController.java:819)
	at com.imagemanager.controller.MainController$2.call(MainController.java:816)
	at javafx.graphics@26/javafx.concurrent.Task$TaskCallable.call(Task.java:1407)
	at java.base/java.util.concurrent.FutureTask.run(FutureTask.java:330)
	at java.base/java.lang.VirtualThread.run(VirtualThread.java:475)
2026-05-16 18:24:36.335 [virtual-523] WARN  com.imagemanager.service.SearchService - 记录搜索历史失败
org.postgresql.util.PSQLException: 错误: 关系 "search_history" 不存在
  位置：13
	at org.postgresql.core.v3.QueryExecutorImpl.receiveErrorResponse(QueryExecutorImpl.java:2733)
	at org.postgresql.core.v3.QueryExecutorImpl.processResults(QueryExecutorImpl.java:2420)
	at org.postgresql.core.v3.QueryExecutorImpl.execute(QueryExecutorImpl.java:372)
	at org.postgresql.jdbc.PgStatement.executeInternal(PgStatement.java:517)
	at org.postgresql.jdbc.PgStatement.execute(PgStatement.java:434)
	at org.postgresql.jdbc.PgPreparedStatement.executeWithFlags(PgPreparedStatement.java:194)
	at org.postgresql.jdbc.PgPreparedStatement.executeUpdate(PgPreparedStatement.java:155)
	at com.zaxxer.hikari.pool.ProxyPreparedStatement.executeUpdate(ProxyPreparedStatement.java:61)
	at com.zaxxer.hikari.pool.HikariProxyPreparedStatement.executeUpdate(HikariProxyPreparedStatement.java)
	at com.imagemanager.service.SearchService.recordSearchHistory(SearchService.java:157)
	at com.imagemanager.service.SearchService.searchByKeyword(SearchService.java:80)
	at com.imagemanager.service.SearchService.search(SearchService.java:65)
	at com.imagemanager.controller.MainController$2.call(MainController.java:819)
	at com.imagemanager.controller.MainController$2.call(MainController.java:816)
	at javafx.graphics@26/javafx.concurrent.Task$TaskCallable.call(Task.java:1407)
	at java.base/java.util.concurrent.FutureTask.run(FutureTask.java:330)
	at java.base/java.lang.VirtualThread.run(VirtualThread.java:475)
2026-05-16 18:24:36.434 [JavaFX Application Thread] INFO  com.imagemanager.controller.MainController - 执行搜索: mode=KEYWORD, query=map
2026-05-16 18:24:36.434 [virtual-524] INFO  com.imagemanager.service.SearchService - 关键词搜索: map
2026-05-16 18:24:36.435 [virtual-524] ERROR com.imagemanager.dao.TagDaoImpl - 关键词搜索失败: keyword=map
org.postgresql.util.PSQLException: 错误: 关系 "v_image_search" 不存在
  位置：25
	at org.postgresql.core.v3.QueryExecutorImpl.receiveErrorResponse(QueryExecutorImpl.java:2733)
	at org.postgresql.core.v3.QueryExecutorImpl.processResults(QueryExecutorImpl.java:2420)
	at org.postgresql.core.v3.QueryExecutorImpl.execute(QueryExecutorImpl.java:372)
	at org.postgresql.jdbc.PgStatement.executeInternal(PgStatement.java:517)
	at org.postgresql.jdbc.PgStatement.execute(PgStatement.java:434)
	at org.postgresql.jdbc.PgPreparedStatement.executeWithFlags(PgPreparedStatement.java:194)
	at org.postgresql.jdbc.PgPreparedStatement.executeQuery(PgPreparedStatement.java:137)
	at com.zaxxer.hikari.pool.ProxyPreparedStatement.executeQuery(ProxyPreparedStatement.java:52)
	at com.zaxxer.hikari.pool.HikariProxyPreparedStatement.executeQuery(HikariProxyPreparedStatement.java)
	at com.imagemanager.dao.TagDaoImpl.searchImagesByKeyword(TagDaoImpl.java:286)
	at com.imagemanager.service.SearchService.searchByKeyword(SearchService.java:76)
	at com.imagemanager.service.SearchService.search(SearchService.java:65)
	at com.imagemanager.controller.MainController$2.call(MainController.java:819)
	at com.imagemanager.controller.MainController$2.call(MainController.java:816)
	at javafx.graphics@26/javafx.concurrent.Task$TaskCallable.call(Task.java:1407)
	at java.base/java.util.concurrent.FutureTask.run(FutureTask.java:330)
	at java.base/java.lang.VirtualThread.run(VirtualThread.java:475)
2026-05-16 18:24:36.435 [virtual-524] WARN  com.imagemanager.service.SearchService - 记录搜索历史失败
org.postgresql.util.PSQLException: 错误: 关系 "search_history" 不存在
  位置：13
	at org.postgresql.core.v3.QueryExecutorImpl.receiveErrorResponse(QueryExecutorImpl.java:2733)
	at org.postgresql.core.v3.QueryExecutorImpl.processResults(QueryExecutorImpl.java:2420)
	at org.postgresql.core.v3.QueryExecutorImpl.execute(QueryExecutorImpl.java:372)
	at org.postgresql.jdbc.PgStatement.executeInternal(PgStatement.java:517)
	at org.postgresql.jdbc.PgStatement.execute(PgStatement.java:434)
	at org.postgresql.jdbc.PgPreparedStatement.executeWithFlags(PgPreparedStatement.java:194)
	at org.postgresql.jdbc.PgPreparedStatement.executeUpdate(PgPreparedStatement.java:155)
	at com.zaxxer.hikari.pool.ProxyPreparedStatement.executeUpdate(ProxyPreparedStatement.java:61)
	at com.zaxxer.hikari.pool.HikariProxyPreparedStatement.executeUpdate(HikariProxyPreparedStatement.java)
	at com.imagemanager.service.SearchService.recordSearchHistory(SearchService.java:157)
	at com.imagemanager.service.SearchService.searchByKeyword(SearchService.java:80)
	at com.imagemanager.service.SearchService.search(SearchService.java:65)
	at com.imagemanager.controller.MainController$2.call(MainController.java:819)
	at com.imagemanager.controller.MainController$2.call(MainController.java:816)
	at javafx.graphics@26/javafx.concurrent.Task$TaskCallable.call(Task.java:1407)
	at java.base/java.util.concurrent.FutureTask.run(FutureTask.java:330)
	at java.base/java.lang.VirtualThread.run(VirtualThread.java:475)
2026-05-16 18:24:36.540 [JavaFX Application Thread] INFO  com.imagemanager.controller.MainController - 执行搜索: mode=KEYWORD, query=map
2026-05-16 18:24:36.541 [virtual-525] INFO  com.imagemanager.service.SearchService - 关键词搜索: map
2026-05-16 18:24:36.541 [virtual-525] ERROR com.imagemanager.dao.TagDaoImpl - 关键词搜索失败: keyword=map
org.postgresql.util.PSQLException: 错误: 关系 "v_image_search" 不存在
  位置：25
	at org.postgresql.core.v3.QueryExecutorImpl.receiveErrorResponse(QueryExecutorImpl.java:2733)
	at org.postgresql.core.v3.QueryExecutorImpl.processResults(QueryExecutorImpl.java:2420)
	at org.postgresql.core.v3.QueryExecutorImpl.execute(QueryExecutorImpl.java:372)
	at org.postgresql.jdbc.PgStatement.executeInternal(PgStatement.java:517)
	at org.postgresql.jdbc.PgStatement.execute(PgStatement.java:434)
	at org.postgresql.jdbc.PgPreparedStatement.executeWithFlags(PgPreparedStatement.java:194)
	at org.postgresql.jdbc.PgPreparedStatement.executeQuery(PgPreparedStatement.java:137)
	at com.zaxxer.hikari.pool.ProxyPreparedStatement.executeQuery(ProxyPreparedStatement.java:52)
	at com.zaxxer.hikari.pool.HikariProxyPreparedStatement.executeQuery(HikariProxyPreparedStatement.java)
	at com.imagemanager.dao.TagDaoImpl.searchImagesByKeyword(TagDaoImpl.java:286)
	at com.imagemanager.service.SearchService.searchByKeyword(SearchService.java:76)
	at com.imagemanager.service.SearchService.search(SearchService.java:65)
	at com.imagemanager.controller.MainController$2.call(MainController.java:819)
	at com.imagemanager.controller.MainController$2.call(MainController.java:816)
	at javafx.graphics@26/javafx.concurrent.Task$TaskCallable.call(Task.java:1407)
	at java.base/java.util.concurrent.FutureTask.run(FutureTask.java:330)
	at java.base/java.lang.VirtualThread.run(VirtualThread.java:475)
2026-05-16 18:24:36.542 [virtual-525] WARN  com.imagemanager.service.SearchService - 记录搜索历史失败
org.postgresql.util.PSQLException: 错误: 关系 "search_history" 不存在
  位置：13
	at org.postgresql.core.v3.QueryExecutorImpl.receiveErrorResponse(QueryExecutorImpl.java:2733)
	at org.postgresql.core.v3.QueryExecutorImpl.processResults(QueryExecutorImpl.java:2420)
	at org.postgresql.core.v3.QueryExecutorImpl.execute(QueryExecutorImpl.java:372)
	at org.postgresql.jdbc.PgStatement.executeInternal(PgStatement.java:517)
	at org.postgresql.jdbc.PgStatement.execute(PgStatement.java:434)
	at org.postgresql.jdbc.PgPreparedStatement.executeWithFlags(PgPreparedStatement.java:194)
	at org.postgresql.jdbc.PgPreparedStatement.executeUpdate(PgPreparedStatement.java:155)
	at com.zaxxer.hikari.pool.ProxyPreparedStatement.executeUpdate(ProxyPreparedStatement.java:61)
	at com.zaxxer.hikari.pool.HikariProxyPreparedStatement.executeUpdate(HikariProxyPreparedStatement.java)
	at com.imagemanager.service.SearchService.recordSearchHistory(SearchService.java:157)
	at com.imagemanager.service.SearchService.searchByKeyword(SearchService.java:80)
	at com.imagemanager.service.SearchService.search(SearchService.java:65)
	at com.imagemanager.controller.MainController$2.call(MainController.java:819)
	at com.imagemanager.controller.MainController$2.call(MainController.java:816)
	at javafx.graphics@26/javafx.concurrent.Task$TaskCallable.call(Task.java:1407)
	at java.base/java.util.concurrent.FutureTask.run(FutureTask.java:330)
	at java.base/java.lang.VirtualThread.run(VirtualThread.java:475)
2026-05-16 18:24:36.647 [JavaFX Application Thread] INFO  com.imagemanager.controller.MainController - 执行搜索: mode=KEYWORD, query=map
2026-05-16 18:24:36.648 [virtual-526] INFO  com.imagemanager.service.SearchService - 关键词搜索: map
2026-05-16 18:24:36.650 [virtual-526] ERROR com.imagemanager.dao.TagDaoImpl - 关键词搜索失败: keyword=map
org.postgresql.util.PSQLException: 错误: 关系 "v_image_search" 不存在
  位置：25
	at org.postgresql.core.v3.QueryExecutorImpl.receiveErrorResponse(QueryExecutorImpl.java:2733)
	at org.postgresql.core.v3.QueryExecutorImpl.processResults(QueryExecutorImpl.java:2420)
	at org.postgresql.core.v3.QueryExecutorImpl.execute(QueryExecutorImpl.java:372)
	at org.postgresql.jdbc.PgStatement.executeInternal(PgStatement.java:517)
	at org.postgresql.jdbc.PgStatement.execute(PgStatement.java:434)
	at org.postgresql.jdbc.PgPreparedStatement.executeWithFlags(PgPreparedStatement.java:194)
	at org.postgresql.jdbc.PgPreparedStatement.executeQuery(PgPreparedStatement.java:137)
	at com.zaxxer.hikari.pool.ProxyPreparedStatement.executeQuery(ProxyPreparedStatement.java:52)
	at com.zaxxer.hikari.pool.HikariProxyPreparedStatement.executeQuery(HikariProxyPreparedStatement.java)
	at com.imagemanager.dao.TagDaoImpl.searchImagesByKeyword(TagDaoImpl.java:286)
	at com.imagemanager.service.SearchService.searchByKeyword(SearchService.java:76)
	at com.imagemanager.service.SearchService.search(SearchService.java:65)
	at com.imagemanager.controller.MainController$2.call(MainController.java:819)
	at com.imagemanager.controller.MainController$2.call(MainController.java:816)
	at javafx.graphics@26/javafx.concurrent.Task$TaskCallable.call(Task.java:1407)
	at java.base/java.util.concurrent.FutureTask.run(FutureTask.java:330)
	at java.base/java.lang.VirtualThread.run(VirtualThread.java:475)
2026-05-16 18:24:36.651 [virtual-526] WARN  com.imagemanager.service.SearchService - 记录搜索历史失败
org.postgresql.util.PSQLException: 错误: 关系 "search_history" 不存在
  位置：13
	at org.postgresql.core.v3.QueryExecutorImpl.receiveErrorResponse(QueryExecutorImpl.java:2733)
	at org.postgresql.core.v3.QueryExecutorImpl.processResults(QueryExecutorImpl.java:2420)
	at org.postgresql.core.v3.QueryExecutorImpl.execute(QueryExecutorImpl.java:372)
	at org.postgresql.jdbc.PgStatement.executeInternal(PgStatement.java:517)
	at org.postgresql.jdbc.PgStatement.execute(PgStatement.java:434)
	at org.postgresql.jdbc.PgPreparedStatement.executeWithFlags(PgPreparedStatement.java:194)
	at org.postgresql.jdbc.PgPreparedStatement.executeUpdate(PgPreparedStatement.java:155)
	at com.zaxxer.hikari.pool.ProxyPreparedStatement.executeUpdate(ProxyPreparedStatement.java:61)
	at com.zaxxer.hikari.pool.HikariProxyPreparedStatement.executeUpdate(HikariProxyPreparedStatement.java)
	at com.imagemanager.service.SearchService.recordSearchHistory(SearchService.java:157)
	at com.imagemanager.service.SearchService.searchByKeyword(SearchService.java:80)
	at com.imagemanager.service.SearchService.search(SearchService.java:65)
	at com.imagemanager.controller.MainController$2.call(MainController.java:819)
	at com.imagemanager.controller.MainController$2.call(MainController.java:816)
	at javafx.graphics@26/javafx.concurrent.Task$TaskCallable.call(Task.java:1407)
	at java.base/java.util.concurrent.FutureTask.run(FutureTask.java:330)
	at java.base/java.lang.VirtualThread.run(VirtualThread.java:475)
2026-05-16 18:24:36.739 [JavaFX Application Thread] INFO  com.imagemanager.controller.MainController - 执行搜索: mode=KEYWORD, query=map
2026-05-16 18:24:36.741 [virtual-527] INFO  com.imagemanager.service.SearchService - 关键词搜索: map
2026-05-16 18:24:36.742 [virtual-527] ERROR com.imagemanager.dao.TagDaoImpl - 关键词搜索失败: keyword=map
org.postgresql.util.PSQLException: 错误: 关系 "v_image_search" 不存在
  位置：25
	at org.postgresql.core.v3.QueryExecutorImpl.receiveErrorResponse(QueryExecutorImpl.java:2733)
	at org.postgresql.core.v3.QueryExecutorImpl.processResults(QueryExecutorImpl.java:2420)
	at org.postgresql.core.v3.QueryExecutorImpl.execute(QueryExecutorImpl.java:372)
	at org.postgresql.jdbc.PgStatement.executeInternal(PgStatement.java:517)
	at org.postgresql.jdbc.PgStatement.execute(PgStatement.java:434)
	at org.postgresql.jdbc.PgPreparedStatement.executeWithFlags(PgPreparedStatement.java:194)
	at org.postgresql.jdbc.PgPreparedStatement.executeQuery(PgPreparedStatement.java:137)
	at com.zaxxer.hikari.pool.ProxyPreparedStatement.executeQuery(ProxyPreparedStatement.java:52)
	at com.zaxxer.hikari.pool.HikariProxyPreparedStatement.executeQuery(HikariProxyPreparedStatement.java)
	at com.imagemanager.dao.TagDaoImpl.searchImagesByKeyword(TagDaoImpl.java:286)
	at com.imagemanager.service.SearchService.searchByKeyword(SearchService.java:76)
	at com.imagemanager.service.SearchService.search(SearchService.java:65)
	at com.imagemanager.controller.MainController$2.call(MainController.java:819)
	at com.imagemanager.controller.MainController$2.call(MainController.java:816)
	at javafx.graphics@26/javafx.concurrent.Task$TaskCallable.call(Task.java:1407)
	at java.base/java.util.concurrent.FutureTask.run(FutureTask.java:330)
	at java.base/java.lang.VirtualThread.run(VirtualThread.java:475)
2026-05-16 18:24:36.742 [virtual-527] WARN  com.imagemanager.service.SearchService - 记录搜索历史失败
org.postgresql.util.PSQLException: 错误: 关系 "search_history" 不存在
  位置：13
	at org.postgresql.core.v3.QueryExecutorImpl.receiveErrorResponse(QueryExecutorImpl.java:2733)
	at org.postgresql.core.v3.QueryExecutorImpl.processResults(QueryExecutorImpl.java:2420)
	at org.postgresql.core.v3.QueryExecutorImpl.execute(QueryExecutorImpl.java:372)
	at org.postgresql.jdbc.PgStatement.executeInternal(PgStatement.java:517)
	at org.postgresql.jdbc.PgStatement.execute(PgStatement.java:434)
	at org.postgresql.jdbc.PgPreparedStatement.executeWithFlags(PgPreparedStatement.java:194)
	at org.postgresql.jdbc.PgPreparedStatement.executeUpdate(PgPreparedStatement.java:155)
	at com.zaxxer.hikari.pool.ProxyPreparedStatement.executeUpdate(ProxyPreparedStatement.java:61)
	at com.zaxxer.hikari.pool.HikariProxyPreparedStatement.executeUpdate(HikariProxyPreparedStatement.java)
	at com.imagemanager.service.SearchService.recordSearchHistory(SearchService.java:157)
	at com.imagemanager.service.SearchService.searchByKeyword(SearchService.java:80)
	at com.imagemanager.service.SearchService.search(SearchService.java:65)
	at com.imagemanager.controller.MainController$2.call(MainController.java:819)
	at com.imagemanager.controller.MainController$2.call(MainController.java:816)
	at javafx.graphics@26/javafx.concurrent.Task$TaskCallable.call(Task.java:1407)
	at java.base/java.util.concurrent.FutureTask.run(FutureTask.java:330)
	at java.base/java.lang.VirtualThread.run(VirtualThread.java:475)
2026-05-16 18:24:36.839 [JavaFX Application Thread] INFO  com.imagemanager.controller.MainController - 执行搜索: mode=KEYWORD, query=map
2026-05-16 18:24:36.839 [virtual-528] INFO  com.imagemanager.service.SearchService - 关键词搜索: map
2026-05-16 18:24:36.840 [virtual-528] ERROR com.imagemanager.dao.TagDaoImpl - 关键词搜索失败: keyword=map
org.postgresql.util.PSQLException: 错误: 关系 "v_image_search" 不存在
  位置：25
	at org.postgresql.core.v3.QueryExecutorImpl.receiveErrorResponse(QueryExecutorImpl.java:2733)
	at org.postgresql.core.v3.QueryExecutorImpl.processResults(QueryExecutorImpl.java:2420)
	at org.postgresql.core.v3.QueryExecutorImpl.execute(QueryExecutorImpl.java:372)
	at org.postgresql.jdbc.PgStatement.executeInternal(PgStatement.java:517)
	at org.postgresql.jdbc.PgStatement.execute(PgStatement.java:434)
	at org.postgresql.jdbc.PgPreparedStatement.executeWithFlags(PgPreparedStatement.java:194)
	at org.postgresql.jdbc.PgPreparedStatement.executeQuery(PgPreparedStatement.java:137)
	at com.zaxxer.hikari.pool.ProxyPreparedStatement.executeQuery(ProxyPreparedStatement.java:52)
	at com.zaxxer.hikari.pool.HikariProxyPreparedStatement.executeQuery(HikariProxyPreparedStatement.java)
	at com.imagemanager.dao.TagDaoImpl.searchImagesByKeyword(TagDaoImpl.java:286)
	at com.imagemanager.service.SearchService.searchByKeyword(SearchService.java:76)
	at com.imagemanager.service.SearchService.search(SearchService.java:65)
	at com.imagemanager.controller.MainController$2.call(MainController.java:819)
	at com.imagemanager.controller.MainController$2.call(MainController.java:816)
	at javafx.graphics@26/javafx.concurrent.Task$TaskCallable.call(Task.java:1407)
	at java.base/java.util.concurrent.FutureTask.run(FutureTask.java:330)
	at java.base/java.lang.VirtualThread.run(VirtualThread.java:475)
2026-05-16 18:24:36.841 [virtual-528] WARN  com.imagemanager.service.SearchService - 记录搜索历史失败
org.postgresql.util.PSQLException: 错误: 关系 "search_history" 不存在
  位置：13
	at org.postgresql.core.v3.QueryExecutorImpl.receiveErrorResponse(QueryExecutorImpl.java:2733)
	at org.postgresql.core.v3.QueryExecutorImpl.processResults(QueryExecutorImpl.java:2420)
	at org.postgresql.core.v3.QueryExecutorImpl.execute(QueryExecutorImpl.java:372)
	at org.postgresql.jdbc.PgStatement.executeInternal(PgStatement.java:517)
	at org.postgresql.jdbc.PgStatement.execute(PgStatement.java:434)
	at org.postgresql.jdbc.PgPreparedStatement.executeWithFlags(PgPreparedStatement.java:194)
	at org.postgresql.jdbc.PgPreparedStatement.executeUpdate(PgPreparedStatement.java:155)
	at com.zaxxer.hikari.pool.ProxyPreparedStatement.executeUpdate(ProxyPreparedStatement.java:61)
	at com.zaxxer.hikari.pool.HikariProxyPreparedStatement.executeUpdate(HikariProxyPreparedStatement.java)
	at com.imagemanager.service.SearchService.recordSearchHistory(SearchService.java:157)
	at com.imagemanager.service.SearchService.searchByKeyword(SearchService.java:80)
	at com.imagemanager.service.SearchService.search(SearchService.java:65)
	at com.imagemanager.controller.MainController$2.call(MainController.java:819)
	at com.imagemanager.controller.MainController$2.call(MainController.java:816)
	at javafx.graphics@26/javafx.concurrent.Task$TaskCallable.call(Task.java:1407)
	at java.base/java.util.concurrent.FutureTask.run(FutureTask.java:330)
	at java.base/java.lang.VirtualThread.run(VirtualThread.java:475)
2026-05-16 18:24:36.946 [JavaFX Application Thread] INFO  com.imagemanager.controller.MainController - 执行搜索: mode=KEYWORD, query=map
2026-05-16 18:24:36.946 [virtual-529] INFO  com.imagemanager.service.SearchService - 关键词搜索: map
2026-05-16 18:24:36.947 [virtual-529] ERROR com.imagemanager.dao.TagDaoImpl - 关键词搜索失败: keyword=map
org.postgresql.util.PSQLException: 错误: 关系 "v_image_search" 不存在
  位置：25
	at org.postgresql.core.v3.QueryExecutorImpl.receiveErrorResponse(QueryExecutorImpl.java:2733)
	at org.postgresql.core.v3.QueryExecutorImpl.processResults(QueryExecutorImpl.java:2420)
	at org.postgresql.core.v3.QueryExecutorImpl.execute(QueryExecutorImpl.java:372)
	at org.postgresql.jdbc.PgStatement.executeInternal(PgStatement.java:517)
	at org.postgresql.jdbc.PgStatement.execute(PgStatement.java:434)
	at org.postgresql.jdbc.PgPreparedStatement.executeWithFlags(PgPreparedStatement.java:194)
	at org.postgresql.jdbc.PgPreparedStatement.executeQuery(PgPreparedStatement.java:137)
	at com.zaxxer.hikari.pool.ProxyPreparedStatement.executeQuery(ProxyPreparedStatement.java:52)
	at com.zaxxer.hikari.pool.HikariProxyPreparedStatement.executeQuery(HikariProxyPreparedStatement.java)
	at com.imagemanager.dao.TagDaoImpl.searchImagesByKeyword(TagDaoImpl.java:286)
	at com.imagemanager.service.SearchService.searchByKeyword(SearchService.java:76)
	at com.imagemanager.service.SearchService.search(SearchService.java:65)
	at com.imagemanager.controller.MainController$2.call(MainController.java:819)
	at com.imagemanager.controller.MainController$2.call(MainController.java:816)
	at javafx.graphics@26/javafx.concurrent.Task$TaskCallable.call(Task.java:1407)
	at java.base/java.util.concurrent.FutureTask.run(FutureTask.java:330)
	at java.base/java.lang.VirtualThread.run(VirtualThread.java:475)
2026-05-16 18:24:36.948 [virtual-529] WARN  com.imagemanager.service.SearchService - 记录搜索历史失败
org.postgresql.util.PSQLException: 错误: 关系 "search_history" 不存在
  位置：13
	at org.postgresql.core.v3.QueryExecutorImpl.receiveErrorResponse(QueryExecutorImpl.java:2733)
	at org.postgresql.core.v3.QueryExecutorImpl.processResults(QueryExecutorImpl.java:2420)
	at org.postgresql.core.v3.QueryExecutorImpl.execute(QueryExecutorImpl.java:372)
	at org.postgresql.jdbc.PgStatement.executeInternal(PgStatement.java:517)
	at org.postgresql.jdbc.PgStatement.execute(PgStatement.java:434)
	at org.postgresql.jdbc.PgPreparedStatement.executeWithFlags(PgPreparedStatement.java:194)
	at org.postgresql.jdbc.PgPreparedStatement.executeUpdate(PgPreparedStatement.java:155)
	at com.zaxxer.hikari.pool.ProxyPreparedStatement.executeUpdate(ProxyPreparedStatement.java:61)
	at com.zaxxer.hikari.pool.HikariProxyPreparedStatement.executeUpdate(HikariProxyPreparedStatement.java)
	at com.imagemanager.service.SearchService.recordSearchHistory(SearchService.java:157)
	at com.imagemanager.service.SearchService.searchByKeyword(SearchService.java:80)
	at com.imagemanager.service.SearchService.search(SearchService.java:65)
	at com.imagemanager.controller.MainController$2.call(MainController.java:819)
	at com.imagemanager.controller.MainController$2.call(MainController.java:816)
	at javafx.graphics@26/javafx.concurrent.Task$TaskCallable.call(Task.java:1407)
	at java.base/java.util.concurrent.FutureTask.run(FutureTask.java:330)
	at java.base/java.lang.VirtualThread.run(VirtualThread.java:475)
2026-05-16 18:24:37.046 [JavaFX Application Thread] INFO  com.imagemanager.controller.MainController - 执行搜索: mode=KEYWORD, query=map
2026-05-16 18:24:37.046 [virtual-530] INFO  com.imagemanager.service.SearchService - 关键词搜索: map
2026-05-16 18:24:37.047 [virtual-530] ERROR com.imagemanager.dao.TagDaoImpl - 关键词搜索失败: keyword=map
org.postgresql.util.PSQLException: 错误: 关系 "v_image_search" 不存在
  位置：25
	at org.postgresql.core.v3.QueryExecutorImpl.receiveErrorResponse(QueryExecutorImpl.java:2733)
	at org.postgresql.core.v3.QueryExecutorImpl.processResults(QueryExecutorImpl.java:2420)
	at org.postgresql.core.v3.QueryExecutorImpl.execute(QueryExecutorImpl.java:372)
	at org.postgresql.jdbc.PgStatement.executeInternal(PgStatement.java:517)
	at org.postgresql.jdbc.PgStatement.execute(PgStatement.java:434)
	at org.postgresql.jdbc.PgPreparedStatement.executeWithFlags(PgPreparedStatement.java:194)
	at org.postgresql.jdbc.PgPreparedStatement.executeQuery(PgPreparedStatement.java:137)
	at com.zaxxer.hikari.pool.ProxyPreparedStatement.executeQuery(ProxyPreparedStatement.java:52)
	at com.zaxxer.hikari.pool.HikariProxyPreparedStatement.executeQuery(HikariProxyPreparedStatement.java)
	at com.imagemanager.dao.TagDaoImpl.searchImagesByKeyword(TagDaoImpl.java:286)
	at com.imagemanager.service.SearchService.searchByKeyword(SearchService.java:76)
	at com.imagemanager.service.SearchService.search(SearchService.java:65)
	at com.imagemanager.controller.MainController$2.call(MainController.java:819)
	at com.imagemanager.controller.MainController$2.call(MainController.java:816)
	at javafx.graphics@26/javafx.concurrent.Task$TaskCallable.call(Task.java:1407)
	at java.base/java.util.concurrent.FutureTask.run(FutureTask.java:330)
	at java.base/java.lang.VirtualThread.run(VirtualThread.java:475)
2026-05-16 18:24:37.049 [virtual-530] WARN  com.imagemanager.service.SearchService - 记录搜索历史失败
org.postgresql.util.PSQLException: 错误: 关系 "search_history" 不存在
  位置：13
	at org.postgresql.core.v3.QueryExecutorImpl.receiveErrorResponse(QueryExecutorImpl.java:2733)
	at org.postgresql.core.v3.QueryExecutorImpl.processResults(QueryExecutorImpl.java:2420)
	at org.postgresql.core.v3.QueryExecutorImpl.execute(QueryExecutorImpl.java:372)
	at org.postgresql.jdbc.PgStatement.executeInternal(PgStatement.java:517)
	at org.postgresql.jdbc.PgStatement.execute(PgStatement.java:434)
	at org.postgresql.jdbc.PgPreparedStatement.executeWithFlags(PgPreparedStatement.java:194)
	at org.postgresql.jdbc.PgPreparedStatement.executeUpdate(PgPreparedStatement.java:155)
	at com.zaxxer.hikari.pool.ProxyPreparedStatement.executeUpdate(ProxyPreparedStatement.java:61)
	at com.zaxxer.hikari.pool.HikariProxyPreparedStatement.executeUpdate(HikariProxyPreparedStatement.java)
	at com.imagemanager.service.SearchService.recordSearchHistory(SearchService.java:157)
	at com.imagemanager.service.SearchService.searchByKeyword(SearchService.java:80)
	at com.imagemanager.service.SearchService.search(SearchService.java:65)
	at com.imagemanager.controller.MainController$2.call(MainController.java:819)
	at com.imagemanager.controller.MainController$2.call(MainController.java:816)
	at javafx.graphics@26/javafx.concurrent.Task$TaskCallable.call(Task.java:1407)
	at java.base/java.util.concurrent.FutureTask.run(FutureTask.java:330)
	at java.base/java.lang.VirtualThread.run(VirtualThread.java:475)
2026-05-16 18:24:37.174 [JavaFX Application Thread] INFO  com.imagemanager.controller.MainController - 执行搜索: mode=KEYWORD, query=map
2026-05-16 18:24:37.175 [virtual-531] INFO  com.imagemanager.service.SearchService - 关键词搜索: map
2026-05-16 18:24:37.176 [virtual-531] ERROR com.imagemanager.dao.TagDaoImpl - 关键词搜索失败: keyword=map
org.postgresql.util.PSQLException: 错误: 关系 "v_image_search" 不存在
  位置：25
	at org.postgresql.core.v3.QueryExecutorImpl.receiveErrorResponse(QueryExecutorImpl.java:2733)
	at org.postgresql.core.v3.QueryExecutorImpl.processResults(QueryExecutorImpl.java:2420)
	at org.postgresql.core.v3.QueryExecutorImpl.execute(QueryExecutorImpl.java:372)
	at org.postgresql.jdbc.PgStatement.executeInternal(PgStatement.java:517)
	at org.postgresql.jdbc.PgStatement.execute(PgStatement.java:434)
	at org.postgresql.jdbc.PgPreparedStatement.executeWithFlags(PgPreparedStatement.java:194)
	at org.postgresql.jdbc.PgPreparedStatement.executeQuery(PgPreparedStatement.java:137)
	at com.zaxxer.hikari.pool.ProxyPreparedStatement.executeQuery(ProxyPreparedStatement.java:52)
	at com.zaxxer.hikari.pool.HikariProxyPreparedStatement.executeQuery(HikariProxyPreparedStatement.java)
	at com.imagemanager.dao.TagDaoImpl.searchImagesByKeyword(TagDaoImpl.java:286)
	at com.imagemanager.service.SearchService.searchByKeyword(SearchService.java:76)
	at com.imagemanager.service.SearchService.search(SearchService.java:65)
	at com.imagemanager.controller.MainController$2.call(MainController.java:819)
	at com.imagemanager.controller.MainController$2.call(MainController.java:816)
	at javafx.graphics@26/javafx.concurrent.Task$TaskCallable.call(Task.java:1407)
	at java.base/java.util.concurrent.FutureTask.run(FutureTask.java:330)
	at java.base/java.lang.VirtualThread.run(VirtualThread.java:475)
2026-05-16 18:24:37.177 [virtual-531] WARN  com.imagemanager.service.SearchService - 记录搜索历史失败
org.postgresql.util.PSQLException: 错误: 关系 "search_history" 不存在
  位置：13
	at org.postgresql.core.v3.QueryExecutorImpl.receiveErrorResponse(QueryExecutorImpl.java:2733)
	at org.postgresql.core.v3.QueryExecutorImpl.processResults(QueryExecutorImpl.java:2420)
	at org.postgresql.core.v3.QueryExecutorImpl.execute(QueryExecutorImpl.java:372)
	at org.postgresql.jdbc.PgStatement.executeInternal(PgStatement.java:517)
	at org.postgresql.jdbc.PgStatement.execute(PgStatement.java:434)
	at org.postgresql.jdbc.PgPreparedStatement.executeWithFlags(PgPreparedStatement.java:194)
	at org.postgresql.jdbc.PgPreparedStatement.executeUpdate(PgPreparedStatement.java:155)
	at com.zaxxer.hikari.pool.ProxyPreparedStatement.executeUpdate(ProxyPreparedStatement.java:61)
	at com.zaxxer.hikari.pool.HikariProxyPreparedStatement.executeUpdate(HikariProxyPreparedStatement.java)
	at com.imagemanager.service.SearchService.recordSearchHistory(SearchService.java:157)
	at com.imagemanager.service.SearchService.searchByKeyword(SearchService.java:80)
	at com.imagemanager.service.SearchService.search(SearchService.java:65)
	at com.imagemanager.controller.MainController$2.call(MainController.java:819)
	at com.imagemanager.controller.MainController$2.call(MainController.java:816)
	at javafx.graphics@26/javafx.concurrent.Task$TaskCallable.call(Task.java:1407)
	at java.base/java.util.concurrent.FutureTask.run(FutureTask.java:330)
	at java.base/java.lang.VirtualThread.run(VirtualThread.java:475)
2026-05-16 18:24:37.606 [JavaFX Application Thread] INFO  com.imagemanager.controller.SettingsController - 设置页面初始化完成
2026-05-16 18:26:50.739 [JavaFX Application Thread] INFO  com.imagemanager.controller.MainController - 选中目录: E:\攻略\BS\BS系列攻略文档ver1.03(原始网页)\BLACKSOULS\道具和装备
2026-05-16 18:26:50.740 [virtual-868] INFO  com.imagemanager.service.ImageServiceImpl - 扫描目录: E:\攻略\BS\BS系列攻略文档ver1.03(原始网页)\BLACKSOULS\道具和装备
2026-05-16 18:26:50.743 [virtual-868] DEBUG com.imagemanager.dao.DirectoryDaoImpl - 创建目录记录: id=38, path=E:\攻略\BS\BS系列攻略文档ver1.03(原始网页)\BLACKSOULS\道具和装备
2026-05-16 18:26:50.746 [virtual-868] DEBUG com.imagemanager.dao.ImageDaoImpl - 查询目录 38 下的图片: 共 0 张
2026-05-16 18:26:50.747 [virtual-868] DEBUG com.imagemanager.dao.ImageDaoImpl - 查询目录 38 下的图片: 共 0 张
2026-05-16 18:26:54.514 [JavaFX Application Thread] INFO  com.imagemanager.App - 应用程序关闭中，释放资源...
2026-05-16 18:26:54.516 [JavaFX Application Thread] INFO  com.zaxxer.hikari.HikariDataSource - DIMS-HikariPool - Shutdown initiated...
2026-05-16 18:26:54.524 [JavaFX Application Thread] INFO  com.zaxxer.hikari.HikariDataSource - DIMS-HikariPool - Shutdown completed.
2026-05-16 18:26:54.526 [JavaFX Application Thread] INFO  com.imagemanager.dao.DatabaseConnection - 数据库连接池已关闭
2026-05-16 18:26:54.526 [JavaFX Application Thread] INFO  com.imagemanager.App - 资源释放完毕
2026-05-16 18:29:44.023 [JavaFX Application Thread] INFO  com.imagemanager.App - 正在初始化数据库连接...
2026-05-16 18:29:44.036 [JavaFX Application Thread] INFO  com.zaxxer.hikari.HikariDataSource - DIMS-HikariPool - Starting...
2026-05-16 18:29:44.486 [JavaFX Application Thread] INFO  com.zaxxer.hikari.pool.HikariPool - DIMS-HikariPool - Added connection org.postgresql.jdbc.PgConnection@19c4c0cf
2026-05-16 18:29:44.488 [JavaFX Application Thread] INFO  com.zaxxer.hikari.HikariDataSource - DIMS-HikariPool - Start completed.
2026-05-16 18:29:44.488 [JavaFX Application Thread] INFO  com.imagemanager.dao.DatabaseConnection - 数据库连接池初始化成功 [URL=jdbc:postgresql://localhost:5432/image_manager] [池大小=10]
2026-05-16 18:29:44.488 [JavaFX Application Thread] INFO  com.imagemanager.App - 数据库连接初始化成功
2026-05-16 18:29:45.327 [JavaFX Application Thread] INFO  com.imagemanager.controller.MainController - 初始化主界面...
2026-05-16 18:29:45.332 [JavaFX Application Thread] INFO  com.imagemanager.controller.MainController - 主界面初始化完成
2026-05-16 18:29:45.826 [JavaFX Application Thread] INFO  com.imagemanager.App - 应用程序启动成功
2026-05-16 18:29:48.067 [JavaFX Application Thread] INFO  com.imagemanager.App - 用户取消了首次启动向导
2026-05-16 18:29:48.729 [JavaFX Application Thread] INFO  com.imagemanager.controller.MainController - 选中目录: F:\
2026-05-16 18:29:48.734 [virtual-66] INFO  com.imagemanager.service.ImageServiceImpl - 扫描目录: F:\
2026-05-16 18:29:48.748 [virtual-66] DEBUG com.imagemanager.dao.ImageDaoImpl - 查询目录 2 下的图片: 共 0 张
2026-05-16 18:29:48.750 [virtual-66] DEBUG com.imagemanager.dao.ImageDaoImpl - 查询目录 2 下的图片: 共 0 张
2026-05-16 18:29:50.546 [JavaFX Application Thread] INFO  com.imagemanager.controller.MainController - 选中目录: F:\TSET
2026-05-16 18:29:50.546 [virtual-73] INFO  com.imagemanager.service.ImageServiceImpl - 扫描目录: F:\TSET
2026-05-16 18:29:50.548 [virtual-73] DEBUG com.imagemanager.dao.ImageDaoImpl - 查询目录 21 下的图片: 共 0 张
2026-05-16 18:29:50.549 [virtual-73] DEBUG com.imagemanager.dao.ImageDaoImpl - 查询目录 21 下的图片: 共 0 张
2026-05-16 18:29:52.539 [JavaFX Application Thread] INFO  com.imagemanager.controller.MainController - 选中目录: F:\py
2026-05-16 18:29:52.539 [virtual-74] INFO  com.imagemanager.service.ImageServiceImpl - 扫描目录: F:\py
2026-05-16 18:29:52.544 [virtual-74] DEBUG com.imagemanager.dao.ImageDaoImpl - 查询目录 25 下的图片: 共 0 张
2026-05-16 18:29:52.545 [virtual-74] DEBUG com.imagemanager.dao.ImageDaoImpl - 查询目录 25 下的图片: 共 0 张
2026-05-16 18:29:53.576 [JavaFX Application Thread] INFO  com.imagemanager.controller.MainController - 选中目录: F:\py\__pycache__
2026-05-16 18:29:53.576 [virtual-75] INFO  com.imagemanager.service.ImageServiceImpl - 扫描目录: F:\py\__pycache__
2026-05-16 18:29:53.579 [virtual-75] DEBUG com.imagemanager.dao.DirectoryDaoImpl - 创建目录记录: id=39, path=F:\py\__pycache__
2026-05-16 18:29:53.582 [virtual-75] DEBUG com.imagemanager.dao.ImageDaoImpl - 查询目录 39 下的图片: 共 0 张
2026-05-16 18:29:53.582 [virtual-75] DEBUG com.imagemanager.dao.ImageDaoImpl - 查询目录 39 下的图片: 共 0 张
2026-05-16 18:29:55.276 [JavaFX Application Thread] INFO  com.imagemanager.controller.MainController - 选中目录: E:\
2026-05-16 18:29:55.277 [virtual-76] INFO  com.imagemanager.service.ImageServiceImpl - 扫描目录: E:\
2026-05-16 18:29:55.280 [virtual-76] DEBUG com.imagemanager.dao.ImageDaoImpl - 查询目录 1 下的图片: 共 0 张
2026-05-16 18:29:55.281 [virtual-76] DEBUG com.imagemanager.dao.ImageDaoImpl - 查询目录 1 下的图片: 共 0 张
2026-05-16 18:29:56.749 [JavaFX Application Thread] INFO  com.imagemanager.controller.MainController - 选中目录: E:\jiuguan
2026-05-16 18:29:56.751 [virtual-77] INFO  com.imagemanager.service.ImageServiceImpl - 扫描目录: E:\jiuguan
2026-05-16 18:29:56.753 [virtual-77] DEBUG com.imagemanager.dao.DirectoryDaoImpl - 创建目录记录: id=40, path=E:\jiuguan
2026-05-16 18:29:56.754 [virtual-77] DEBUG com.imagemanager.dao.ImageDaoImpl - 查询目录 40 下的图片: 共 0 张
2026-05-16 18:29:56.754 [virtual-77] DEBUG com.imagemanager.dao.ImageDaoImpl - 查询目录 40 下的图片: 共 0 张
2026-05-16 18:29:57.461 [JavaFX Application Thread] INFO  com.imagemanager.controller.MainController - 选中目录: E:\jiuguan\SillyTavern
2026-05-16 18:29:57.462 [virtual-78] INFO  com.imagemanager.service.ImageServiceImpl - 扫描目录: E:\jiuguan\SillyTavern
2026-05-16 18:29:57.465 [virtual-78] DEBUG com.imagemanager.dao.DirectoryDaoImpl - 创建目录记录: id=41, path=E:\jiuguan\SillyTavern
2026-05-16 18:29:57.470 [virtual-78] DEBUG com.imagemanager.dao.ImageDaoImpl - 查询目录 41 下的图片: 共 0 张
2026-05-16 18:29:57.471 [virtual-78] DEBUG com.imagemanager.dao.ImageDaoImpl - 查询目录 41 下的图片: 共 0 张
2026-05-16 18:29:59.695 [JavaFX Application Thread] INFO  com.imagemanager.controller.MainController - 选中目录: E:\test
2026-05-16 18:29:59.695 [virtual-79] INFO  com.imagemanager.service.ImageServiceImpl - 扫描目录: E:\test
2026-05-16 18:29:59.697 [virtual-79] DEBUG com.imagemanager.dao.ImageDaoImpl - 查询目录 35 下的图片: 共 0 张
2026-05-16 18:29:59.697 [virtual-79] DEBUG com.imagemanager.dao.ImageDaoImpl - 查询目录 35 下的图片: 共 0 张
2026-05-16 18:30:01.576 [JavaFX Application Thread] INFO  com.imagemanager.controller.MainController - 选中目录: E:\攻略
2026-05-16 18:30:01.576 [virtual-80] INFO  com.imagemanager.service.ImageServiceImpl - 扫描目录: E:\攻略
2026-05-16 18:30:01.579 [virtual-80] DEBUG com.imagemanager.dao.ImageDaoImpl - 查询目录 31 下的图片: 共 0 张
2026-05-16 18:30:01.580 [virtual-80] DEBUG com.imagemanager.dao.ImageDaoImpl - 查询目录 31 下的图片: 共 0 张
2026-05-16 18:30:02.123 [JavaFX Application Thread] INFO  com.imagemanager.controller.MainController - 选中目录: E:\攻略\BS
2026-05-16 18:30:02.123 [virtual-81] INFO  com.imagemanager.service.ImageServiceImpl - 扫描目录: E:\攻略\BS
2026-05-16 18:30:02.125 [virtual-81] DEBUG com.imagemanager.dao.ImageDaoImpl - 查询目录 32 下的图片: 共 0 张
2026-05-16 18:30:02.126 [virtual-81] DEBUG com.imagemanager.dao.ImageDaoImpl - 查询目录 32 下的图片: 共 0 张
2026-05-16 18:30:02.771 [JavaFX Application Thread] INFO  com.imagemanager.controller.MainController - 选中目录: E:\攻略\BS\BS系列攻略文档ver1.03(原始网页)
2026-05-16 18:30:02.771 [virtual-82] INFO  com.imagemanager.service.ImageServiceImpl - 扫描目录: E:\攻略\BS\BS系列攻略文档ver1.03(原始网页)
2026-05-16 18:30:02.773 [virtual-82] DEBUG com.imagemanager.dao.ImageDaoImpl - 查询目录 33 下的图片: 共 0 张
2026-05-16 18:30:02.774 [virtual-82] DEBUG com.imagemanager.dao.ImageDaoImpl - 查询目录 33 下的图片: 共 0 张
2026-05-16 18:30:03.507 [JavaFX Application Thread] INFO  com.imagemanager.controller.MainController - 选中目录: E:\攻略\BS\BS系列攻略文档ver1.03(原始网页)\BLACKSOULS
2026-05-16 18:30:03.507 [virtual-83] INFO  com.imagemanager.service.ImageServiceImpl - 扫描目录: E:\攻略\BS\BS系列攻略文档ver1.03(原始网页)\BLACKSOULS
2026-05-16 18:30:03.509 [virtual-83] DEBUG com.imagemanager.dao.ImageDaoImpl - 查询目录 34 下的图片: 共 1 张
2026-05-16 18:30:03.510 [virtual-83] DEBUG com.imagemanager.dao.ImageDaoImpl - 查询目录 34 下的图片: 共 1 张
2026-05-16 18:30:06.860 [JavaFX Application Thread] INFO  com.imagemanager.controller.MainController - 执行搜索: mode=KEYWORD, query=map
2026-05-16 18:30:06.861 [virtual-84] INFO  com.imagemanager.service.SearchService - 关键词搜索: map
2026-05-16 18:30:06.948 [virtual-84] INFO  com.imagemanager.dao.TagDaoImpl - 搜索相关数据库结构已确认
2026-05-16 18:30:13.347 [JavaFX Application Thread] DEBUG com.imagemanager.service.MusicService - 音乐目录已存在: C:\Users\w1831/DIMS_Music
2026-05-16 18:30:18.918 [JavaFX Application Thread] INFO  com.imagemanager.service.MusicService - 开始播放音乐: C:\Users\w1831\DIMS_Music\柔和吉他.mp3
2026-05-16 18:30:18.959 [JavaFX Application Thread] DEBUG com.imagemanager.service.MusicService - 音乐进入播放状态: 柔和吉他
2026-05-16 18:30:19.132 [JavaFX Application Thread] INFO  com.imagemanager.service.MusicService - 暂停音乐: 柔和吉他
2026-05-16 18:30:19.133 [JavaFX Application Thread] DEBUG com.imagemanager.service.MusicService - 音乐进入暂停状态: 柔和吉他
2026-05-16 18:30:20.438 [JavaFX Application Thread] INFO  com.imagemanager.service.MusicService - 继续播放音乐: 柔和吉他
2026-05-16 18:30:20.439 [JavaFX Application Thread] DEBUG com.imagemanager.service.MusicService - 音乐进入播放状态: 柔和吉他
2026-05-16 18:30:24.989 [JavaFX Application Thread] INFO  com.imagemanager.service.MusicService - 暂停音乐: 柔和吉他
2026-05-16 18:30:24.990 [JavaFX Application Thread] DEBUG com.imagemanager.service.MusicService - 音乐进入暂停状态: 柔和吉他
2026-05-16 18:30:27.978 [JavaFX Application Thread] INFO  com.imagemanager.App - 应用程序关闭中，释放资源...
2026-05-16 18:30:27.978 [JavaFX Application Thread] INFO  com.zaxxer.hikari.HikariDataSource - DIMS-HikariPool - Shutdown initiated...
2026-05-16 18:30:27.982 [JavaFX Application Thread] INFO  com.zaxxer.hikari.HikariDataSource - DIMS-HikariPool - Shutdown completed.
2026-05-16 18:30:27.982 [JavaFX Application Thread] INFO  com.imagemanager.dao.DatabaseConnection - 数据库连接池已关闭
2026-05-16 18:30:27.982 [JavaFX Application Thread] INFO  com.imagemanager.App - 资源释放完毕
2026-05-16 18:48:24.867 [JavaFX Application Thread] INFO  com.imagemanager.App - 正在初始化数据库连接...
2026-05-16 18:48:24.884 [JavaFX Application Thread] INFO  com.zaxxer.hikari.HikariDataSource - DIMS-HikariPool - Starting...
2026-05-16 18:48:25.296 [JavaFX Application Thread] INFO  com.zaxxer.hikari.pool.HikariPool - DIMS-HikariPool - Added connection org.postgresql.jdbc.PgConnection@1dab5f65
2026-05-16 18:48:25.299 [JavaFX Application Thread] INFO  com.zaxxer.hikari.HikariDataSource - DIMS-HikariPool - Start completed.
2026-05-16 18:48:25.299 [JavaFX Application Thread] INFO  com.imagemanager.dao.DatabaseConnection - 数据库连接池初始化成功 [URL=jdbc:postgresql://localhost:5432/image_manager] [池大小=10]
2026-05-16 18:48:25.299 [JavaFX Application Thread] INFO  com.imagemanager.App - 数据库连接初始化成功
2026-05-16 18:48:26.253 [JavaFX Application Thread] INFO  com.imagemanager.controller.MainController - 初始化主界面...
2026-05-16 18:48:26.258 [JavaFX Application Thread] INFO  com.imagemanager.controller.MainController - 主界面初始化完成
2026-05-16 18:48:26.783 [JavaFX Application Thread] INFO  com.imagemanager.App - 应用程序启动成功
2026-05-16 18:48:29.552 [JavaFX Application Thread] INFO  com.imagemanager.App - 用户取消了首次启动向导
2026-05-16 18:48:30.159 [JavaFX Application Thread] INFO  com.imagemanager.controller.MainController - 选中目录: G:\
2026-05-16 18:48:30.164 [virtual-66] INFO  com.imagemanager.service.ImageServiceImpl - 扫描目录: G:\
2026-05-16 18:48:30.181 [virtual-66] DEBUG com.imagemanager.dao.ImageDaoImpl - 查询目录 30 下的图片: 共 0 张
2026-05-16 18:48:30.182 [virtual-66] DEBUG com.imagemanager.dao.ImageDaoImpl - 查询目录 30 下的图片: 共 0 张
2026-05-16 18:48:30.765 [JavaFX Application Thread] INFO  com.imagemanager.controller.MainController - 选中目录: F:\
2026-05-16 18:48:30.766 [virtual-73] INFO  com.imagemanager.service.ImageServiceImpl - 扫描目录: F:\
2026-05-16 18:48:30.773 [virtual-73] DEBUG com.imagemanager.dao.ImageDaoImpl - 查询目录 2 下的图片: 共 0 张
2026-05-16 18:48:30.774 [virtual-73] DEBUG com.imagemanager.dao.ImageDaoImpl - 查询目录 2 下的图片: 共 0 张
2026-05-16 18:48:32.004 [JavaFX Application Thread] INFO  com.imagemanager.controller.MainController - 选中目录: E:\
2026-05-16 18:48:32.005 [virtual-74] INFO  com.imagemanager.service.ImageServiceImpl - 扫描目录: E:\
2026-05-16 18:48:32.009 [virtual-74] DEBUG com.imagemanager.dao.ImageDaoImpl - 查询目录 1 下的图片: 共 0 张
2026-05-16 18:48:32.010 [virtual-74] DEBUG com.imagemanager.dao.ImageDaoImpl - 查询目录 1 下的图片: 共 0 张
2026-05-16 18:48:32.957 [JavaFX Application Thread] INFO  com.imagemanager.controller.MainController - 选中目录: E:\攻略
2026-05-16 18:48:32.957 [virtual-75] INFO  com.imagemanager.service.ImageServiceImpl - 扫描目录: E:\攻略
2026-05-16 18:48:32.960 [virtual-75] DEBUG com.imagemanager.dao.ImageDaoImpl - 查询目录 31 下的图片: 共 0 张
2026-05-16 18:48:32.961 [virtual-75] DEBUG com.imagemanager.dao.ImageDaoImpl - 查询目录 31 下的图片: 共 0 张
2026-05-16 18:48:33.974 [JavaFX Application Thread] INFO  com.imagemanager.controller.MainController - 选中目录: E:\攻略\BS
2026-05-16 18:48:33.974 [virtual-76] INFO  com.imagemanager.service.ImageServiceImpl - 扫描目录: E:\攻略\BS
2026-05-16 18:48:33.977 [virtual-76] DEBUG com.imagemanager.dao.ImageDaoImpl - 查询目录 32 下的图片: 共 0 张
2026-05-16 18:48:33.978 [virtual-76] DEBUG com.imagemanager.dao.ImageDaoImpl - 查询目录 32 下的图片: 共 0 张
2026-05-16 18:48:34.630 [JavaFX Application Thread] INFO  com.imagemanager.controller.MainController - 选中目录: E:\攻略\BS\BS系列攻略文档ver1.03(原始网页)
2026-05-16 18:48:34.630 [virtual-77] INFO  com.imagemanager.service.ImageServiceImpl - 扫描目录: E:\攻略\BS\BS系列攻略文档ver1.03(原始网页)
2026-05-16 18:48:34.635 [virtual-77] DEBUG com.imagemanager.dao.ImageDaoImpl - 查询目录 33 下的图片: 共 0 张
2026-05-16 18:48:34.638 [virtual-77] DEBUG com.imagemanager.dao.ImageDaoImpl - 查询目录 33 下的图片: 共 0 张
2026-05-16 18:48:35.629 [JavaFX Application Thread] INFO  com.imagemanager.controller.MainController - 选中目录: E:\攻略\BS\BS系列攻略文档ver1.03(原始网页)\BLACKSOULSⅡ
2026-05-16 18:48:35.629 [virtual-78] INFO  com.imagemanager.service.ImageServiceImpl - 扫描目录: E:\攻略\BS\BS系列攻略文档ver1.03(原始网页)\BLACKSOULSⅡ
2026-05-16 18:48:35.633 [virtual-78] DEBUG com.imagemanager.dao.DirectoryDaoImpl - 创建目录记录: id=42, path=E:\攻略\BS\BS系列攻略文档ver1.03(原始网页)\BLACKSOULSⅡ
2026-05-16 18:48:35.636 [virtual-78] DEBUG com.imagemanager.dao.ImageDaoImpl - 查询目录 42 下的图片: 共 0 张
2026-05-16 18:48:35.679 [virtual-78] INFO  com.imagemanager.dao.ImageDaoImpl - 批量插入 1 张图片成功
2026-05-16 18:48:35.679 [virtual-78] INFO  com.imagemanager.service.ImageServiceImpl - 新增 1 张图片到数据库
2026-05-16 18:48:35.681 [virtual-78] DEBUG com.imagemanager.dao.ImageDaoImpl - 查询目录 42 下的图片: 共 1 张
2026-05-16 18:48:36.304 [JavaFX Application Thread] INFO  com.imagemanager.controller.MainController - 选中目录: E:\攻略\BS\BS系列攻略文档ver1.03(原始网页)\BLACKSOULS
2026-05-16 18:48:36.304 [virtual-82] INFO  com.imagemanager.service.ImageServiceImpl - 扫描目录: E:\攻略\BS\BS系列攻略文档ver1.03(原始网页)\BLACKSOULS
2026-05-16 18:48:36.308 [virtual-82] DEBUG com.imagemanager.dao.ImageDaoImpl - 查询目录 34 下的图片: 共 1 张
2026-05-16 18:48:36.309 [virtual-82] DEBUG com.imagemanager.dao.ImageDaoImpl - 查询目录 34 下的图片: 共 1 张
2026-05-16 18:48:38.683 [JavaFX Application Thread] INFO  com.imagemanager.dao.TagDaoImpl - 搜索相关数据库结构已确认
2026-05-16 18:48:56.031 [JavaFX Application Thread] INFO  com.imagemanager.controller.MainController - 执行搜索: mode=KEYWORD, query=BS
2026-05-16 18:48:56.032 [virtual-83] INFO  com.imagemanager.service.SearchService - 关键词搜索: BS
2026-05-16 18:49:01.229 [JavaFX Application Thread] INFO  com.imagemanager.controller.MainController - 执行搜索: mode=KEYWORD, query=in
2026-05-16 18:49:01.231 [virtual-84] INFO  com.imagemanager.service.SearchService - 关键词搜索: in
2026-05-16 18:49:13.257 [JavaFX Application Thread] INFO  com.imagemanager.controller.MainController - 执行搜索: mode=KEYWORD, query=BS
2026-05-16 18:49:13.259 [virtual-85] INFO  com.imagemanager.service.SearchService - 关键词搜索: BS
2026-05-16 18:49:17.605 [JavaFX Application Thread] INFO  com.imagemanager.controller.MainController - 执行搜索: mode=KEYWORD, query=map
2026-05-16 18:49:17.605 [virtual-86] INFO  com.imagemanager.service.SearchService - 关键词搜索: map
2026-05-16 18:49:20.943 [JavaFX Application Thread] DEBUG com.imagemanager.service.MusicService - 音乐目录已存在: C:\Users\w1831/DIMS_Music
2026-05-16 18:49:25.276 [JavaFX Application Thread] INFO  com.imagemanager.controller.MainController - 选中目录: E:\攻略\BS\BS系列攻略文档ver1.03(原始网页)
2026-05-16 18:49:25.276 [virtual-87] INFO  com.imagemanager.service.ImageServiceImpl - 扫描目录: E:\攻略\BS\BS系列攻略文档ver1.03(原始网页)
2026-05-16 18:49:25.279 [virtual-87] DEBUG com.imagemanager.dao.ImageDaoImpl - 查询目录 33 下的图片: 共 0 张
2026-05-16 18:49:25.280 [virtual-87] DEBUG com.imagemanager.dao.ImageDaoImpl - 查询目录 33 下的图片: 共 0 张
2026-05-16 18:49:27.531 [JavaFX Application Thread] INFO  com.imagemanager.App - 应用程序关闭中，释放资源...
2026-05-16 18:49:27.531 [JavaFX Application Thread] INFO  com.zaxxer.hikari.HikariDataSource - DIMS-HikariPool - Shutdown initiated...
2026-05-16 18:49:27.533 [JavaFX Application Thread] INFO  com.zaxxer.hikari.HikariDataSource - DIMS-HikariPool - Shutdown completed.
2026-05-16 18:49:27.533 [JavaFX Application Thread] INFO  com.imagemanager.dao.DatabaseConnection - 数据库连接池已关闭
2026-05-16 18:49:27.533 [JavaFX Application Thread] INFO  com.imagemanager.App - 资源释放完毕
2026-05-16 18:54:11.447 [JavaFX Application Thread] INFO  com.imagemanager.App - 正在初始化数据库连接...
2026-05-16 18:54:11.461 [JavaFX Application Thread] INFO  com.zaxxer.hikari.HikariDataSource - DIMS-HikariPool - Starting...
2026-05-16 18:54:11.781 [JavaFX Application Thread] INFO  com.zaxxer.hikari.pool.HikariPool - DIMS-HikariPool - Added connection org.postgresql.jdbc.PgConnection@19c4c0cf
2026-05-16 18:54:11.782 [JavaFX Application Thread] INFO  com.zaxxer.hikari.HikariDataSource - DIMS-HikariPool - Start completed.
2026-05-16 18:54:11.784 [JavaFX Application Thread] INFO  com.imagemanager.dao.DatabaseConnection - 数据库连接池初始化成功 [URL=jdbc:postgresql://localhost:5432/image_manager] [池大小=10]
2026-05-16 18:54:11.784 [JavaFX Application Thread] INFO  com.imagemanager.App - 数据库连接初始化成功
2026-05-16 18:54:12.674 [JavaFX Application Thread] INFO  com.imagemanager.controller.MainController - 初始化主界面...
2026-05-16 18:54:12.680 [JavaFX Application Thread] INFO  com.imagemanager.controller.MainController - 主界面初始化完成
2026-05-16 18:54:13.159 [JavaFX Application Thread] INFO  com.imagemanager.App - 应用程序启动成功
2026-05-16 18:54:15.744 [JavaFX Application Thread] INFO  com.imagemanager.App - 用户取消了首次启动向导
2026-05-16 18:54:17.253 [JavaFX Application Thread] INFO  com.imagemanager.controller.MainController - 选中目录: E:\
2026-05-16 18:54:17.258 [virtual-66] INFO  com.imagemanager.service.ImageServiceImpl - 扫描目录: E:\
2026-05-16 18:54:17.273 [virtual-66] DEBUG com.imagemanager.dao.ImageDaoImpl - 查询目录 1 下的图片: 共 0 张
2026-05-16 18:54:17.274 [virtual-66] DEBUG com.imagemanager.dao.ImageDaoImpl - 查询目录 1 下的图片: 共 0 张
2026-05-16 18:54:18.482 [JavaFX Application Thread] INFO  com.imagemanager.controller.MainController - 选中目录: E:\攻略
2026-05-16 18:54:18.482 [virtual-73] INFO  com.imagemanager.service.ImageServiceImpl - 扫描目录: E:\攻略
2026-05-16 18:54:18.485 [virtual-73] DEBUG com.imagemanager.dao.ImageDaoImpl - 查询目录 31 下的图片: 共 0 张
2026-05-16 18:54:18.486 [virtual-73] DEBUG com.imagemanager.dao.ImageDaoImpl - 查询目录 31 下的图片: 共 0 张
2026-05-16 18:54:19.159 [JavaFX Application Thread] INFO  com.imagemanager.controller.MainController - 选中目录: F:\
2026-05-16 18:54:19.160 [virtual-74] INFO  com.imagemanager.service.ImageServiceImpl - 扫描目录: F:\
2026-05-16 18:54:19.165 [virtual-74] DEBUG com.imagemanager.dao.ImageDaoImpl - 查询目录 2 下的图片: 共 0 张
2026-05-16 18:54:19.166 [virtual-74] DEBUG com.imagemanager.dao.ImageDaoImpl - 查询目录 2 下的图片: 共 0 张
2026-05-16 18:54:19.615 [JavaFX Application Thread] INFO  com.imagemanager.controller.MainController - 选中目录: E:\攻略\BS
2026-05-16 18:54:19.615 [virtual-75] INFO  com.imagemanager.service.ImageServiceImpl - 扫描目录: E:\攻略\BS
2026-05-16 18:54:19.618 [virtual-75] DEBUG com.imagemanager.dao.ImageDaoImpl - 查询目录 32 下的图片: 共 0 张
2026-05-16 18:54:19.619 [virtual-75] DEBUG com.imagemanager.dao.ImageDaoImpl - 查询目录 32 下的图片: 共 0 张
2026-05-16 18:54:20.421 [JavaFX Application Thread] INFO  com.imagemanager.controller.MainController - 选中目录: E:\攻略\BS\BS系列攻略文档ver1.03(原始网页)
2026-05-16 18:54:20.422 [virtual-76] INFO  com.imagemanager.service.ImageServiceImpl - 扫描目录: E:\攻略\BS\BS系列攻略文档ver1.03(原始网页)
2026-05-16 18:54:20.424 [virtual-76] DEBUG com.imagemanager.dao.ImageDaoImpl - 查询目录 33 下的图片: 共 0 张
2026-05-16 18:54:20.426 [virtual-76] DEBUG com.imagemanager.dao.ImageDaoImpl - 查询目录 33 下的图片: 共 0 张
2026-05-16 18:54:22.508 [JavaFX Application Thread] INFO  com.imagemanager.controller.MainController - 选中目录: E:\攻略\BS\BS系列攻略文档ver1.03(原始网页)\BLACKSOULSⅡ
2026-05-16 18:54:22.509 [virtual-77] INFO  com.imagemanager.service.ImageServiceImpl - 扫描目录: E:\攻略\BS\BS系列攻略文档ver1.03(原始网页)\BLACKSOULSⅡ
2026-05-16 18:54:22.514 [virtual-77] DEBUG com.imagemanager.dao.ImageDaoImpl - 查询目录 42 下的图片: 共 1 张
2026-05-16 18:54:22.515 [virtual-77] DEBUG com.imagemanager.dao.ImageDaoImpl - 查询目录 42 下的图片: 共 1 张
2026-05-16 18:54:22.950 [JavaFX Application Thread] INFO  com.imagemanager.controller.MainController - 选中目录: E:\攻略\BS\BS系列攻略文档ver1.03(原始网页)\BLACKSOULS
2026-05-16 18:54:22.951 [virtual-78] INFO  com.imagemanager.service.ImageServiceImpl - 扫描目录: E:\攻略\BS\BS系列攻略文档ver1.03(原始网页)\BLACKSOULS
2026-05-16 18:54:22.954 [virtual-78] DEBUG com.imagemanager.dao.ImageDaoImpl - 查询目录 34 下的图片: 共 1 张
2026-05-16 18:54:22.955 [virtual-78] DEBUG com.imagemanager.dao.ImageDaoImpl - 查询目录 34 下的图片: 共 1 张
2026-05-16 18:54:26.445 [JavaFX Application Thread] INFO  com.imagemanager.controller.MainController - 执行搜索: mode=KEYWORD, query=map
2026-05-16 18:54:26.448 [virtual-79] INFO  com.imagemanager.service.SearchService - 关键词搜索: map
2026-05-16 18:54:26.461 [virtual-79] INFO  com.imagemanager.dao.TagDaoImpl - 搜索相关数据库结构已确认
2026-05-16 18:54:28.612 [JavaFX Application Thread] INFO  com.imagemanager.controller.MainController - 选中目录: E:\攻略\BS\BS系列攻略文档ver1.03(原始网页)\BLACKSOULS\.versions
2026-05-16 18:54:28.614 [virtual-80] INFO  com.imagemanager.service.ImageServiceImpl - 扫描目录: E:\攻略\BS\BS系列攻略文档ver1.03(原始网页)\BLACKSOULS\.versions
2026-05-16 18:54:28.616 [virtual-80] DEBUG com.imagemanager.dao.ImageDaoImpl - 查询目录 37 下的图片: 共 1 张
2026-05-16 18:54:28.616 [virtual-80] DEBUG com.imagemanager.dao.ImageDaoImpl - 查询目录 37 下的图片: 共 1 张
2026-05-16 18:54:29.244 [JavaFX Application Thread] INFO  com.imagemanager.controller.MainController - 选中目录: E:\攻略\BS\BS系列攻略文档ver1.03(原始网页)\BLACKSOULS\攻略建议
2026-05-16 18:54:29.245 [virtual-81] INFO  com.imagemanager.service.ImageServiceImpl - 扫描目录: E:\攻略\BS\BS系列攻略文档ver1.03(原始网页)\BLACKSOULS\攻略建议
2026-05-16 18:54:29.248 [virtual-81] DEBUG com.imagemanager.dao.DirectoryDaoImpl - 创建目录记录: id=43, path=E:\攻略\BS\BS系列攻略文档ver1.03(原始网页)\BLACKSOULS\攻略建议
2026-05-16 18:54:29.251 [virtual-81] DEBUG com.imagemanager.dao.ImageDaoImpl - 查询目录 43 下的图片: 共 0 张
2026-05-16 18:54:29.251 [virtual-81] DEBUG com.imagemanager.dao.ImageDaoImpl - 查询目录 43 下的图片: 共 0 张
2026-05-16 18:54:30.652 [JavaFX Application Thread] INFO  com.imagemanager.controller.MainController - 选中目录: E:\攻略\BS\BS系列攻略文档ver1.03(原始网页)\BLACKSOULS\角色
2026-05-16 18:54:30.653 [virtual-82] INFO  com.imagemanager.service.ImageServiceImpl - 扫描目录: E:\攻略\BS\BS系列攻略文档ver1.03(原始网页)\BLACKSOULS\角色
2026-05-16 18:54:30.655 [virtual-82] DEBUG com.imagemanager.dao.DirectoryDaoImpl - 创建目录记录: id=44, path=E:\攻略\BS\BS系列攻略文档ver1.03(原始网页)\BLACKSOULS\角色
2026-05-16 18:54:30.657 [virtual-82] DEBUG com.imagemanager.dao.ImageDaoImpl - 查询目录 44 下的图片: 共 0 张
2026-05-16 18:54:30.658 [virtual-82] DEBUG com.imagemanager.dao.ImageDaoImpl - 查询目录 44 下的图片: 共 0 张
2026-05-16 18:54:31.311 [JavaFX Application Thread] INFO  com.imagemanager.controller.MainController - 选中目录: E:\攻略\BS\BS系列攻略文档ver1.03(原始网页)\BLACKSOULSⅡ
2026-05-16 18:54:31.312 [virtual-83] INFO  com.imagemanager.service.ImageServiceImpl - 扫描目录: E:\攻略\BS\BS系列攻略文档ver1.03(原始网页)\BLACKSOULSⅡ
2026-05-16 18:54:31.315 [virtual-83] DEBUG com.imagemanager.dao.ImageDaoImpl - 查询目录 42 下的图片: 共 1 张
2026-05-16 18:54:31.316 [virtual-83] DEBUG com.imagemanager.dao.ImageDaoImpl - 查询目录 42 下的图片: 共 1 张
2026-05-16 18:54:33.108 [JavaFX Application Thread] INFO  com.imagemanager.controller.MainController - 选中目录: E:\攻略\BS
2026-05-16 18:54:33.109 [virtual-84] INFO  com.imagemanager.service.ImageServiceImpl - 扫描目录: E:\攻略\BS
2026-05-16 18:54:33.111 [virtual-84] DEBUG com.imagemanager.dao.ImageDaoImpl - 查询目录 32 下的图片: 共 0 张
2026-05-16 18:54:33.112 [virtual-84] DEBUG com.imagemanager.dao.ImageDaoImpl - 查询目录 32 下的图片: 共 0 张
2026-05-16 18:54:34.762 [JavaFX Application Thread] INFO  com.imagemanager.controller.MainController - 选中目录: E:\攻略\BS\BS系列攻略文档ver1.03(原始网页)\BLACKSOULS
2026-05-16 18:54:34.762 [virtual-85] INFO  com.imagemanager.service.ImageServiceImpl - 扫描目录: E:\攻略\BS\BS系列攻略文档ver1.03(原始网页)\BLACKSOULS
2026-05-16 18:54:34.767 [virtual-85] DEBUG com.imagemanager.dao.ImageDaoImpl - 查询目录 34 下的图片: 共 1 张
2026-05-16 18:54:34.767 [virtual-85] DEBUG com.imagemanager.dao.ImageDaoImpl - 查询目录 34 下的图片: 共 1 张
2026-05-16 18:54:42.012 [JavaFX Application Thread] INFO  com.imagemanager.controller.MainController - 执行搜索: mode=KEYWORD, query=BS
2026-05-16 18:54:42.014 [virtual-86] INFO  com.imagemanager.service.SearchService - 关键词搜索: BS
2026-05-16 18:54:45.911 [JavaFX Application Thread] INFO  com.imagemanager.controller.MainController - 选中目录: E:\攻略\BS\BS系列攻略文档ver1.03(原始网页)\BLACKSOULS\.versions
2026-05-16 18:54:45.912 [virtual-87] INFO  com.imagemanager.service.ImageServiceImpl - 扫描目录: E:\攻略\BS\BS系列攻略文档ver1.03(原始网页)\BLACKSOULS\.versions
2026-05-16 18:54:45.914 [virtual-87] DEBUG com.imagemanager.dao.ImageDaoImpl - 查询目录 37 下的图片: 共 1 张
2026-05-16 18:54:45.915 [virtual-87] DEBUG com.imagemanager.dao.ImageDaoImpl - 查询目录 37 下的图片: 共 1 张
2026-05-16 18:54:46.873 [JavaFX Application Thread] INFO  com.imagemanager.controller.MainController - 选中目录: E:\攻略\BS\BS系列攻略文档ver1.03(原始网页)\BLACKSOULS\攻略建议
2026-05-16 18:54:46.874 [virtual-88] INFO  com.imagemanager.service.ImageServiceImpl - 扫描目录: E:\攻略\BS\BS系列攻略文档ver1.03(原始网页)\BLACKSOULS\攻略建议
2026-05-16 18:54:46.876 [virtual-88] DEBUG com.imagemanager.dao.ImageDaoImpl - 查询目录 43 下的图片: 共 0 张
2026-05-16 18:54:46.877 [virtual-88] DEBUG com.imagemanager.dao.ImageDaoImpl - 查询目录 43 下的图片: 共 0 张
2026-05-16 18:54:48.796 [JavaFX Application Thread] INFO  com.imagemanager.controller.MainController - 执行搜索: mode=KEYWORD, query=BS
2026-05-16 18:54:48.797 [virtual-89] INFO  com.imagemanager.service.SearchService - 关键词搜索: BS
2026-05-16 18:54:50.027 [JavaFX Application Thread] INFO  com.imagemanager.controller.MainController - 选中目录: E:\攻略\BS\BS系列攻略文档ver1.03(原始网页)\BLACKSOULS\.versions
2026-05-16 18:54:50.027 [virtual-90] INFO  com.imagemanager.service.ImageServiceImpl - 扫描目录: E:\攻略\BS\BS系列攻略文档ver1.03(原始网页)\BLACKSOULS\.versions
2026-05-16 18:54:50.030 [virtual-90] DEBUG com.imagemanager.dao.ImageDaoImpl - 查询目录 37 下的图片: 共 1 张
2026-05-16 18:54:50.031 [virtual-90] DEBUG com.imagemanager.dao.ImageDaoImpl - 查询目录 37 下的图片: 共 1 张
2026-05-16 18:54:52.418 [JavaFX Application Thread] INFO  com.imagemanager.controller.MainController - 选中目录: E:\攻略\BS\BS系列攻略文档ver1.03(原始网页)\BLACKSOULS
2026-05-16 18:54:52.418 [virtual-91] INFO  com.imagemanager.service.ImageServiceImpl - 扫描目录: E:\攻略\BS\BS系列攻略文档ver1.03(原始网页)\BLACKSOULS
2026-05-16 18:54:52.421 [virtual-91] DEBUG com.imagemanager.dao.ImageDaoImpl - 查询目录 34 下的图片: 共 1 张
2026-05-16 18:54:52.423 [virtual-91] DEBUG com.imagemanager.dao.ImageDaoImpl - 查询目录 34 下的图片: 共 1 张
2026-05-16 18:54:53.774 [JavaFX Application Thread] INFO  com.imagemanager.controller.MainController - 选中目录: E:\攻略\BS\BS系列攻略文档ver1.03(原始网页)\BLACKSOULS\.versions
2026-05-16 18:54:53.774 [virtual-92] INFO  com.imagemanager.service.ImageServiceImpl - 扫描目录: E:\攻略\BS\BS系列攻略文档ver1.03(原始网页)\BLACKSOULS\.versions
2026-05-16 18:54:53.778 [virtual-92] DEBUG com.imagemanager.dao.ImageDaoImpl - 查询目录 37 下的图片: 共 1 张
2026-05-16 18:54:53.779 [virtual-92] DEBUG com.imagemanager.dao.ImageDaoImpl - 查询目录 37 下的图片: 共 1 张
2026-05-16 18:54:55.333 [JavaFX Application Thread] INFO  com.imagemanager.controller.MainController - 选中目录: E:\攻略\BS\BS系列攻略文档ver1.03(原始网页)\BLACKSOULS
2026-05-16 18:54:55.333 [virtual-93] INFO  com.imagemanager.service.ImageServiceImpl - 扫描目录: E:\攻略\BS\BS系列攻略文档ver1.03(原始网页)\BLACKSOULS
2026-05-16 18:54:55.337 [virtual-93] DEBUG com.imagemanager.dao.ImageDaoImpl - 查询目录 34 下的图片: 共 1 张
2026-05-16 18:54:55.338 [virtual-93] DEBUG com.imagemanager.dao.ImageDaoImpl - 查询目录 34 下的图片: 共 1 张
2026-05-16 18:54:57.526 [JavaFX Application Thread] INFO  com.imagemanager.controller.MainController - 选中目录: E:\攻略\BS\BS系列攻略文档ver1.03(原始网页)\BLACKSOULSⅡ
2026-05-16 18:54:57.526 [virtual-94] INFO  com.imagemanager.service.ImageServiceImpl - 扫描目录: E:\攻略\BS\BS系列攻略文档ver1.03(原始网页)\BLACKSOULSⅡ
2026-05-16 18:54:57.529 [virtual-94] DEBUG com.imagemanager.dao.ImageDaoImpl - 查询目录 42 下的图片: 共 1 张
2026-05-16 18:54:57.530 [virtual-94] DEBUG com.imagemanager.dao.ImageDaoImpl - 查询目录 42 下的图片: 共 1 张
2026-05-16 18:54:58.053 [JavaFX Application Thread] INFO  com.imagemanager.controller.MainController - 选中目录: E:\攻略\BS\BS系列攻略文档ver1.03(原始网页)\BLACKSOULS
2026-05-16 18:54:58.053 [virtual-95] INFO  com.imagemanager.service.ImageServiceImpl - 扫描目录: E:\攻略\BS\BS系列攻略文档ver1.03(原始网页)\BLACKSOULS
2026-05-16 18:54:58.056 [virtual-95] DEBUG com.imagemanager.dao.ImageDaoImpl - 查询目录 34 下的图片: 共 1 张
2026-05-16 18:54:58.057 [virtual-95] DEBUG com.imagemanager.dao.ImageDaoImpl - 查询目录 34 下的图片: 共 1 张
2026-05-16 18:55:04.019 [JavaFX Application Thread] INFO  com.imagemanager.controller.MainController - 执行搜索: mode=KEYWORD, query=场景
2026-05-16 18:55:04.021 [virtual-96] INFO  com.imagemanager.service.SearchService - 关键词搜索: 场景
2026-05-16 18:55:06.711 [JavaFX Application Thread] INFO  com.imagemanager.controller.MainController - 选中目录: E:\攻略\BS\BS系列攻略文档ver1.03(原始网页)\BLACKSOULS\.versions
2026-05-16 18:55:06.711 [virtual-97] INFO  com.imagemanager.service.ImageServiceImpl - 扫描目录: E:\攻略\BS\BS系列攻略文档ver1.03(原始网页)\BLACKSOULS\.versions
2026-05-16 18:55:06.714 [virtual-97] DEBUG com.imagemanager.dao.ImageDaoImpl - 查询目录 37 下的图片: 共 1 张
2026-05-16 18:55:06.715 [virtual-97] DEBUG com.imagemanager.dao.ImageDaoImpl - 查询目录 37 下的图片: 共 1 张
2026-05-16 18:55:08.474 [JavaFX Application Thread] INFO  com.imagemanager.controller.ImageEditorController - 编辑器已初始化: map_v1.jpg
2026-05-16 18:55:09.517 [JavaFX Application Thread] INFO  com.imagemanager.controller.MainController - 选中目录: E:\攻略\BS\BS系列攻略文档ver1.03(原始网页)\BLACKSOULS\.versions
2026-05-16 18:55:09.518 [virtual-100] INFO  com.imagemanager.service.ImageServiceImpl - 扫描目录: E:\攻略\BS\BS系列攻略文档ver1.03(原始网页)\BLACKSOULS\.versions
2026-05-16 18:55:09.524 [virtual-100] DEBUG com.imagemanager.dao.ImageDaoImpl - 查询目录 37 下的图片: 共 1 张
2026-05-16 18:55:09.524 [virtual-100] DEBUG com.imagemanager.dao.ImageDaoImpl - 查询目录 37 下的图片: 共 1 张
2026-05-16 18:55:13.984 [JavaFX Application Thread] INFO  com.imagemanager.controller.MainController - 选中目录: E:\攻略\BS\BS系列攻略文档ver1.03(原始网页)\BLACKSOULS
2026-05-16 18:55:13.984 [virtual-101] INFO  com.imagemanager.service.ImageServiceImpl - 扫描目录: E:\攻略\BS\BS系列攻略文档ver1.03(原始网页)\BLACKSOULS
2026-05-16 18:55:13.987 [virtual-101] DEBUG com.imagemanager.dao.ImageDaoImpl - 查询目录 34 下的图片: 共 1 张
2026-05-16 18:55:13.988 [virtual-101] DEBUG com.imagemanager.dao.ImageDaoImpl - 查询目录 34 下的图片: 共 1 张
2026-05-16 18:55:16.208 [JavaFX Application Thread] INFO  com.imagemanager.controller.MainController - 选中目录: E:\攻略\BS\BS系列攻略文档ver1.03(原始网页)
2026-05-16 18:55:16.208 [virtual-102] INFO  com.imagemanager.service.ImageServiceImpl - 扫描目录: E:\攻略\BS\BS系列攻略文档ver1.03(原始网页)
2026-05-16 18:55:16.210 [virtual-102] DEBUG com.imagemanager.dao.ImageDaoImpl - 查询目录 33 下的图片: 共 0 张
2026-05-16 18:55:16.211 [virtual-102] DEBUG com.imagemanager.dao.ImageDaoImpl - 查询目录 33 下的图片: 共 0 张
2026-05-16 18:55:18.031 [JavaFX Application Thread] INFO  com.imagemanager.controller.MainController - 选中目录: E:\攻略\BS\BS系列攻略文档ver1.03(原始网页)\BLACKSOULS\.versions
2026-05-16 18:55:18.031 [virtual-103] INFO  com.imagemanager.service.ImageServiceImpl - 扫描目录: E:\攻略\BS\BS系列攻略文档ver1.03(原始网页)\BLACKSOULS\.versions
2026-05-16 18:55:18.033 [virtual-103] DEBUG com.imagemanager.dao.ImageDaoImpl - 查询目录 37 下的图片: 共 1 张
2026-05-16 18:55:18.034 [virtual-103] DEBUG com.imagemanager.dao.ImageDaoImpl - 查询目录 37 下的图片: 共 1 张
2026-05-16 18:55:18.654 [JavaFX Application Thread] INFO  com.imagemanager.controller.MainController - 选中目录: E:\攻略\BS\BS系列攻略文档ver1.03(原始网页)\BLACKSOULS\攻略建议
2026-05-16 18:55:18.655 [virtual-104] INFO  com.imagemanager.service.ImageServiceImpl - 扫描目录: E:\攻略\BS\BS系列攻略文档ver1.03(原始网页)\BLACKSOULS\攻略建议
2026-05-16 18:55:18.657 [virtual-104] DEBUG com.imagemanager.dao.ImageDaoImpl - 查询目录 43 下的图片: 共 0 张
2026-05-16 18:55:18.658 [virtual-104] DEBUG com.imagemanager.dao.ImageDaoImpl - 查询目录 43 下的图片: 共 0 张
2026-05-16 18:55:19.142 [JavaFX Application Thread] INFO  com.imagemanager.controller.MainController - 选中目录: E:\攻略\BS\BS系列攻略文档ver1.03(原始网页)\BLACKSOULS\角色
2026-05-16 18:55:19.143 [virtual-105] INFO  com.imagemanager.service.ImageServiceImpl - 扫描目录: E:\攻略\BS\BS系列攻略文档ver1.03(原始网页)\BLACKSOULS\角色
2026-05-16 18:55:19.145 [virtual-105] DEBUG com.imagemanager.dao.ImageDaoImpl - 查询目录 44 下的图片: 共 0 张
2026-05-16 18:55:19.145 [virtual-105] DEBUG com.imagemanager.dao.ImageDaoImpl - 查询目录 44 下的图片: 共 0 张
2026-05-16 18:55:19.643 [JavaFX Application Thread] INFO  com.imagemanager.controller.MainController - 选中目录: E:\攻略\BS\BS系列攻略文档ver1.03(原始网页)\BLACKSOULS\道具和装备
2026-05-16 18:55:19.644 [virtual-106] INFO  com.imagemanager.service.ImageServiceImpl - 扫描目录: E:\攻略\BS\BS系列攻略文档ver1.03(原始网页)\BLACKSOULS\道具和装备
2026-05-16 18:55:19.646 [virtual-106] DEBUG com.imagemanager.dao.ImageDaoImpl - 查询目录 38 下的图片: 共 0 张
2026-05-16 18:55:19.647 [virtual-106] DEBUG com.imagemanager.dao.ImageDaoImpl - 查询目录 38 下的图片: 共 0 张
2026-05-16 18:55:23.033 [JavaFX Application Thread] INFO  com.imagemanager.controller.MainController - 选中目录: E:\攻略\BS\BS系列攻略文档ver1.03(原始网页)\BLACKSOULS\道具和装备
2026-05-16 18:55:23.033 [virtual-107] INFO  com.imagemanager.service.ImageServiceImpl - 扫描目录: E:\攻略\BS\BS系列攻略文档ver1.03(原始网页)\BLACKSOULS\道具和装备
2026-05-16 18:55:23.036 [virtual-107] DEBUG com.imagemanager.dao.ImageDaoImpl - 查询目录 38 下的图片: 共 0 张
2026-05-16 18:55:23.037 [virtual-107] DEBUG com.imagemanager.dao.ImageDaoImpl - 查询目录 38 下的图片: 共 0 张
2026-05-16 18:55:24.600 [JavaFX Application Thread] INFO  com.imagemanager.controller.MainController - 选中目录: E:\攻略\BS\BS系列攻略文档ver1.03(原始网页)
2026-05-16 18:55:24.601 [virtual-108] INFO  com.imagemanager.service.ImageServiceImpl - 扫描目录: E:\攻略\BS\BS系列攻略文档ver1.03(原始网页)
2026-05-16 18:55:24.603 [virtual-108] DEBUG com.imagemanager.dao.ImageDaoImpl - 查询目录 33 下的图片: 共 0 张
2026-05-16 18:55:24.603 [virtual-108] DEBUG com.imagemanager.dao.ImageDaoImpl - 查询目录 33 下的图片: 共 0 张
2026-05-16 18:55:25.560 [JavaFX Application Thread] INFO  com.imagemanager.controller.MainController - 选中目录: E:\攻略\BS
2026-05-16 18:55:25.561 [virtual-109] INFO  com.imagemanager.service.ImageServiceImpl - 扫描目录: E:\攻略\BS
2026-05-16 18:55:25.563 [virtual-109] DEBUG com.imagemanager.dao.ImageDaoImpl - 查询目录 32 下的图片: 共 0 张
2026-05-16 18:55:25.563 [virtual-109] DEBUG com.imagemanager.dao.ImageDaoImpl - 查询目录 32 下的图片: 共 0 张
2026-05-16 18:55:27.875 [JavaFX Application Thread] INFO  com.imagemanager.controller.MainController - 选中目录: E:\攻略\BS\大二上
2026-05-16 18:55:27.876 [virtual-110] INFO  com.imagemanager.service.ImageServiceImpl - 扫描目录: E:\攻略\BS\大二上
2026-05-16 18:55:27.880 [virtual-110] DEBUG com.imagemanager.dao.ImageDaoImpl - 查询目录 36 下的图片: 共 0 张
2026-05-16 18:55:27.880 [virtual-110] DEBUG com.imagemanager.dao.ImageDaoImpl - 查询目录 36 下的图片: 共 0 张
2026-05-16 18:55:29.539 [JavaFX Application Thread] INFO  com.imagemanager.controller.MainController - 选中目录: E:\攻略\BS\大二上\linux
2026-05-16 18:55:29.539 [virtual-111] INFO  com.imagemanager.service.ImageServiceImpl - 扫描目录: E:\攻略\BS\大二上\linux
2026-05-16 18:55:29.541 [virtual-111] DEBUG com.imagemanager.dao.DirectoryDaoImpl - 创建目录记录: id=45, path=E:\攻略\BS\大二上\linux
2026-05-16 18:55:29.545 [virtual-111] DEBUG com.imagemanager.dao.ImageDaoImpl - 查询目录 45 下的图片: 共 0 张
2026-05-16 18:55:29.547 [virtual-111] DEBUG com.imagemanager.dao.ImageDaoImpl - 查询目录 45 下的图片: 共 0 张
2026-05-16 18:55:31.061 [JavaFX Application Thread] INFO  com.imagemanager.controller.MainController - 选中目录: E:\攻略\BS\大二上\面向对象
2026-05-16 18:55:31.061 [virtual-112] INFO  com.imagemanager.service.ImageServiceImpl - 扫描目录: E:\攻略\BS\大二上\面向对象
2026-05-16 18:55:31.064 [virtual-112] DEBUG com.imagemanager.dao.DirectoryDaoImpl - 创建目录记录: id=46, path=E:\攻略\BS\大二上\面向对象
2026-05-16 18:55:31.068 [virtual-112] DEBUG com.imagemanager.dao.ImageDaoImpl - 查询目录 46 下的图片: 共 0 张
2026-05-16 18:55:31.068 [virtual-112] DEBUG com.imagemanager.dao.ImageDaoImpl - 查询目录 46 下的图片: 共 0 张
2026-05-16 18:55:33.296 [JavaFX Application Thread] INFO  com.imagemanager.controller.MainController - 选中目录: E:\test
2026-05-16 18:55:33.296 [virtual-113] INFO  com.imagemanager.service.ImageServiceImpl - 扫描目录: E:\test
2026-05-16 18:55:33.299 [virtual-113] DEBUG com.imagemanager.dao.ImageDaoImpl - 查询目录 35 下的图片: 共 0 张
2026-05-16 18:55:33.299 [virtual-113] DEBUG com.imagemanager.dao.ImageDaoImpl - 查询目录 35 下的图片: 共 0 张
2026-05-16 18:55:33.888 [JavaFX Application Thread] INFO  com.imagemanager.controller.MainController - 选中目录: E:\test\.zenith-trash
2026-05-16 18:55:33.888 [virtual-114] INFO  com.imagemanager.service.ImageServiceImpl - 扫描目录: E:\test\.zenith-trash
2026-05-16 18:55:33.890 [virtual-114] DEBUG com.imagemanager.dao.DirectoryDaoImpl - 创建目录记录: id=47, path=E:\test\.zenith-trash
2026-05-16 18:55:33.892 [virtual-114] DEBUG com.imagemanager.dao.ImageDaoImpl - 查询目录 47 下的图片: 共 0 张
2026-05-16 18:55:33.892 [virtual-114] DEBUG com.imagemanager.dao.ImageDaoImpl - 查询目录 47 下的图片: 共 0 张
2026-05-16 18:55:35.456 [JavaFX Application Thread] INFO  com.imagemanager.controller.MainController - 选中目录: E:\
2026-05-16 18:55:35.456 [virtual-115] INFO  com.imagemanager.service.ImageServiceImpl - 扫描目录: E:\
2026-05-16 18:55:35.459 [virtual-115] DEBUG com.imagemanager.dao.ImageDaoImpl - 查询目录 1 下的图片: 共 0 张
2026-05-16 18:55:35.460 [virtual-115] DEBUG com.imagemanager.dao.ImageDaoImpl - 查询目录 1 下的图片: 共 0 张
2026-05-16 18:55:35.976 [JavaFX Application Thread] INFO  com.imagemanager.controller.MainController - 选中目录: D:\
2026-05-16 18:55:35.977 [virtual-116] INFO  com.imagemanager.service.ImageServiceImpl - 扫描目录: D:\
2026-05-16 18:55:35.985 [virtual-116] DEBUG com.imagemanager.dao.ImageDaoImpl - 查询目录 7 下的图片: 共 0 张
2026-05-16 18:55:35.985 [virtual-116] DEBUG com.imagemanager.dao.ImageDaoImpl - 查询目录 7 下的图片: 共 0 张
2026-05-16 18:55:38.247 [JavaFX Application Thread] INFO  com.imagemanager.controller.MainController - 选中目录: D:\图片
2026-05-16 18:55:38.249 [virtual-117] INFO  com.imagemanager.service.ImageServiceImpl - 扫描目录: D:\图片
2026-05-16 18:55:38.253 [virtual-117] DEBUG com.imagemanager.dao.ImageDaoImpl - 查询目录 15 下的图片: 共 0 张
2026-05-16 18:55:38.253 [virtual-117] DEBUG com.imagemanager.dao.ImageDaoImpl - 查询目录 15 下的图片: 共 0 张
2026-05-16 18:55:40.010 [JavaFX Application Thread] INFO  com.imagemanager.controller.MainController - 选中目录: D:\图片\Screenshots
2026-05-16 18:55:40.011 [virtual-118] INFO  com.imagemanager.service.ImageServiceImpl - 扫描目录: D:\图片\Screenshots
2026-05-16 18:55:40.013 [virtual-118] DEBUG com.imagemanager.dao.DirectoryDaoImpl - 创建目录记录: id=48, path=D:\图片\Screenshots
2026-05-16 18:55:40.132 [virtual-118] DEBUG com.imagemanager.dao.ImageDaoImpl - 查询目录 48 下的图片: 共 0 张
2026-05-16 18:55:41.029 [virtual-118] INFO  com.imagemanager.dao.ImageDaoImpl - 批量插入 718 张图片成功
2026-05-16 18:55:41.029 [virtual-118] INFO  com.imagemanager.service.ImageServiceImpl - 新增 718 张图片到数据库
2026-05-16 18:55:41.039 [virtual-118] DEBUG com.imagemanager.dao.ImageDaoImpl - 查询目录 48 下的图片: 共 718 张
2026-05-16 18:56:46.085 [JavaFX Application Thread] DEBUG com.imagemanager.service.MusicService - 音乐目录已存在: C:\Users\w1831/DIMS_Music
2026-05-16 18:57:49.785 [JavaFX Application Thread] INFO  com.imagemanager.service.MusicService - 开始播放音乐: C:\Users\w1831\DIMS_Music\柔和吉他.mp3
2026-05-16 18:57:49.827 [JavaFX Application Thread] DEBUG com.imagemanager.service.MusicService - 音乐进入播放状态: 柔和吉他
2026-05-16 18:57:50.125 [JavaFX Application Thread] INFO  com.imagemanager.service.MusicService - 暂停音乐: 柔和吉他
2026-05-16 18:57:50.126 [JavaFX Application Thread] DEBUG com.imagemanager.service.MusicService - 音乐进入暂停状态: 柔和吉他
2026-05-16 18:57:56.851 [JavaFX Application Thread] INFO  com.imagemanager.service.MusicService - 继续播放音乐: 柔和吉他
2026-05-16 18:57:56.852 [JavaFX Application Thread] DEBUG com.imagemanager.service.MusicService - 音乐进入播放状态: 柔和吉他
2026-05-16 18:57:58.660 [JavaFX Application Thread] DEBUG com.imagemanager.service.MusicService - 音乐已停止
2026-05-16 18:57:58.676 [JavaFX Application Thread] INFO  com.imagemanager.service.MusicService - 开始播放音乐: C:\Users\w1831\DIMS_Music\轻松钢琴.mp3
2026-05-16 18:57:58.679 [JavaFX Application Thread] DEBUG com.imagemanager.service.MusicService - 音乐进入停止状态: 轻松钢琴
2026-05-16 18:57:58.705 [JavaFX Application Thread] DEBUG com.imagemanager.service.MusicService - 音乐进入播放状态: 轻松钢琴
2026-05-16 18:57:59.061 [JavaFX Application Thread] INFO  com.imagemanager.service.MusicService - 暂停音乐: 轻松钢琴
2026-05-16 18:57:59.061 [JavaFX Application Thread] DEBUG com.imagemanager.service.MusicService - 音乐进入暂停状态: 轻松钢琴
2026-05-16 18:58:02.214 [JavaFX Application Thread] INFO  com.imagemanager.service.MusicService - 继续播放音乐: 轻松钢琴
2026-05-16 18:58:02.214 [JavaFX Application Thread] DEBUG com.imagemanager.service.MusicService - 音乐进入播放状态: 轻松钢琴
2026-05-16 18:58:03.981 [JavaFX Application Thread] DEBUG com.imagemanager.service.MusicService - 音乐已停止
2026-05-16 18:58:03.997 [JavaFX Application Thread] INFO  com.imagemanager.service.MusicService - 开始播放音乐: C:\Users\w1831\DIMS_Music\自然之声.mp3
2026-05-16 18:58:03.998 [JavaFX Application Thread] DEBUG com.imagemanager.service.MusicService - 音乐进入停止状态: 自然之声
2026-05-16 18:58:04.027 [JavaFX Application Thread] DEBUG com.imagemanager.service.MusicService - 音乐进入播放状态: 自然之声
2026-05-16 18:58:06.817 [JavaFX Application Thread] DEBUG com.imagemanager.service.MusicService - 音乐已停止
2026-05-16 18:58:06.831 [JavaFX Application Thread] INFO  com.imagemanager.service.MusicService - 开始播放音乐: C:\Users\w1831\DIMS_Music\柔和吉他.mp3
2026-05-16 18:58:06.832 [JavaFX Application Thread] DEBUG com.imagemanager.service.MusicService - 音乐进入停止状态: 柔和吉他
2026-05-16 18:58:06.864 [JavaFX Application Thread] DEBUG com.imagemanager.service.MusicService - 音乐进入播放状态: 柔和吉他
2026-05-16 19:04:34.991 [JavaFX Application Thread] INFO  com.imagemanager.App - 应用程序关闭中，释放资源...
2026-05-16 19:04:34.992 [JavaFX Application Thread] INFO  com.zaxxer.hikari.HikariDataSource - DIMS-HikariPool - Shutdown initiated...
2026-05-16 19:04:34.995 [JavaFX Application Thread] INFO  com.zaxxer.hikari.HikariDataSource - DIMS-HikariPool - Shutdown completed.
2026-05-16 19:04:34.996 [JavaFX Application Thread] INFO  com.imagemanager.dao.DatabaseConnection - 数据库连接池已关闭
2026-05-16 19:04:34.996 [JavaFX Application Thread] INFO  com.imagemanager.App - 资源释放完毕
2026-05-16 20:35:10.108 [JavaFX Application Thread] INFO  com.imagemanager.App - 正在初始化数据库连接...
2026-05-16 20:35:10.121 [JavaFX Application Thread] INFO  com.zaxxer.hikari.HikariDataSource - DIMS-HikariPool - Starting...
2026-05-16 20:35:10.463 [JavaFX Application Thread] INFO  com.zaxxer.hikari.pool.HikariPool - DIMS-HikariPool - Added connection org.postgresql.jdbc.PgConnection@19c4c0cf
2026-05-16 20:35:10.465 [JavaFX Application Thread] INFO  com.zaxxer.hikari.HikariDataSource - DIMS-HikariPool - Start completed.
2026-05-16 20:35:10.465 [JavaFX Application Thread] INFO  com.imagemanager.dao.DatabaseConnection - 数据库连接池初始化成功 [URL=jdbc:postgresql://localhost:5432/image_manager] [池大小=10]
2026-05-16 20:35:10.465 [JavaFX Application Thread] INFO  com.imagemanager.App - 数据库连接初始化成功
2026-05-16 20:35:11.314 [JavaFX Application Thread] INFO  com.imagemanager.controller.MainController - 初始化主界面...
2026-05-16 20:35:11.318 [JavaFX Application Thread] INFO  com.imagemanager.controller.MainController - 主界面初始化完成
2026-05-16 20:35:11.860 [JavaFX Application Thread] INFO  com.imagemanager.App - 应用程序启动成功
2026-05-16 20:35:14.148 [JavaFX Application Thread] INFO  com.imagemanager.App - 用户取消了首次启动向导
2026-05-16 20:35:14.801 [JavaFX Application Thread] INFO  com.imagemanager.controller.MainController - 选中目录: E:\
2026-05-16 20:35:14.806 [virtual-66] INFO  com.imagemanager.service.ImageServiceImpl - 扫描目录: E:\
2026-05-16 20:35:14.824 [virtual-66] DEBUG com.imagemanager.dao.ImageDaoImpl - 查询目录 1 下的图片: 共 0 张
2026-05-16 20:35:14.826 [virtual-66] DEBUG com.imagemanager.dao.ImageDaoImpl - 查询目录 1 下的图片: 共 0 张
2026-05-16 20:35:15.814 [JavaFX Application Thread] INFO  com.imagemanager.controller.MainController - 选中目录: E:\攻略
2026-05-16 20:35:15.815 [virtual-73] INFO  com.imagemanager.service.ImageServiceImpl - 扫描目录: E:\攻略
2026-05-16 20:35:15.817 [virtual-73] DEBUG com.imagemanager.dao.ImageDaoImpl - 查询目录 31 下的图片: 共 0 张
2026-05-16 20:35:15.818 [virtual-73] DEBUG com.imagemanager.dao.ImageDaoImpl - 查询目录 31 下的图片: 共 0 张
2026-05-16 20:35:16.394 [JavaFX Application Thread] INFO  com.imagemanager.controller.MainController - 选中目录: F:\
2026-05-16 20:35:16.395 [virtual-74] INFO  com.imagemanager.service.ImageServiceImpl - 扫描目录: F:\
2026-05-16 20:35:16.402 [virtual-74] DEBUG com.imagemanager.dao.ImageDaoImpl - 查询目录 2 下的图片: 共 0 张
2026-05-16 20:35:16.403 [virtual-74] DEBUG com.imagemanager.dao.ImageDaoImpl - 查询目录 2 下的图片: 共 0 张
2026-05-16 20:35:16.634 [JavaFX Application Thread] INFO  com.imagemanager.controller.MainController - 选中目录: E:\攻略\BS
2026-05-16 20:35:16.634 [virtual-75] INFO  com.imagemanager.service.ImageServiceImpl - 扫描目录: E:\攻略\BS
2026-05-16 20:35:16.637 [virtual-75] DEBUG com.imagemanager.dao.ImageDaoImpl - 查询目录 32 下的图片: 共 0 张
2026-05-16 20:35:16.639 [virtual-75] DEBUG com.imagemanager.dao.ImageDaoImpl - 查询目录 32 下的图片: 共 0 张
2026-05-16 20:35:17.283 [JavaFX Application Thread] INFO  com.imagemanager.controller.MainController - 选中目录: E:\攻略\BS\BS系列攻略文档ver1.03(原始网页)
2026-05-16 20:35:17.283 [virtual-76] INFO  com.imagemanager.service.ImageServiceImpl - 扫描目录: E:\攻略\BS\BS系列攻略文档ver1.03(原始网页)
2026-05-16 20:35:17.286 [virtual-76] DEBUG com.imagemanager.dao.ImageDaoImpl - 查询目录 33 下的图片: 共 0 张
2026-05-16 20:35:17.287 [virtual-76] DEBUG com.imagemanager.dao.ImageDaoImpl - 查询目录 33 下的图片: 共 0 张
2026-05-16 20:35:17.862 [JavaFX Application Thread] INFO  com.imagemanager.controller.MainController - 选中目录: E:\攻略\BS\BS系列攻略文档ver1.03(原始网页)\BLACKSOULS
2026-05-16 20:35:17.863 [virtual-77] INFO  com.imagemanager.service.ImageServiceImpl - 扫描目录: E:\攻略\BS\BS系列攻略文档ver1.03(原始网页)\BLACKSOULS
2026-05-16 20:35:17.867 [virtual-77] DEBUG com.imagemanager.dao.ImageDaoImpl - 查询目录 34 下的图片: 共 1 张
2026-05-16 20:35:17.868 [virtual-77] DEBUG com.imagemanager.dao.ImageDaoImpl - 查询目录 34 下的图片: 共 1 张
2026-05-16 20:35:18.753 [JavaFX Application Thread] DEBUG com.imagemanager.service.MusicService - 音乐目录已存在: C:\Users\w1831/DIMS_Music
2026-05-16 20:35:26.470 [JavaFX Application Thread] INFO  com.imagemanager.controller.ImageEditorController - 编辑器已初始化: map.jpg
2026-05-16 20:35:43.961 [JavaFX Application Thread] INFO  com.imagemanager.service.EditService - 新版本已保存: imageId=137, version=2, path=E:\攻略\BS\BS系列攻略文档ver1.03(原始网页)\BLACKSOULS\.versions\map_v2.jpg
2026-05-16 20:35:47.449 [JavaFX Application Thread] INFO  com.imagemanager.dao.VersionDaoImpl - 版本恢复成功: imageId=137, versionId=1
2026-05-16 20:35:47.449 [JavaFX Application Thread] INFO  com.imagemanager.service.EditService - 已恢复版本: imageId=137, versionId=1
2026-05-16 20:35:49.193 [JavaFX Application Thread] INFO  com.imagemanager.dao.VersionDaoImpl - 版本恢复成功: imageId=137, versionId=3
2026-05-16 20:35:49.193 [JavaFX Application Thread] INFO  com.imagemanager.service.EditService - 已恢复版本: imageId=137, versionId=3
2026-05-16 20:36:21.461 [JavaFX Application Thread] INFO  com.imagemanager.controller.MainController - 选中目录: E:\攻略\BS\BS系列攻略文档ver1.03(原始网页)\BLACKSOULS
2026-05-16 20:36:21.462 [virtual-80] INFO  com.imagemanager.service.ImageServiceImpl - 扫描目录: E:\攻略\BS\BS系列攻略文档ver1.03(原始网页)\BLACKSOULS
2026-05-16 20:36:21.466 [virtual-80] DEBUG com.imagemanager.dao.ImageDaoImpl - 查询目录 34 下的图片: 共 1 张
2026-05-16 20:36:21.467 [virtual-80] DEBUG com.imagemanager.dao.ImageDaoImpl - 查询目录 34 下的图片: 共 1 张
2026-05-16 20:36:28.677 [JavaFX Application Thread] INFO  com.imagemanager.App - 应用程序关闭中，释放资源...
2026-05-16 20:36:28.678 [JavaFX Application Thread] INFO  com.zaxxer.hikari.HikariDataSource - DIMS-HikariPool - Shutdown initiated...
2026-05-16 20:36:28.680 [JavaFX Application Thread] INFO  com.zaxxer.hikari.HikariDataSource - DIMS-HikariPool - Shutdown completed.
2026-05-16 20:36:28.680 [JavaFX Application Thread] INFO  com.imagemanager.dao.DatabaseConnection - 数据库连接池已关闭
2026-05-16 20:36:28.680 [JavaFX Application Thread] INFO  com.imagemanager.App - 资源释放完毕
